This file contains any messages produced by compilers while
running configure, to aid debugging if configure makes a mistake.

It was created by GnuCOBOL configure 3.2, which was
generated by GNU Autoconf 2.69.  Invocation command line was

  $ ./configure --prefix=/mingw --with-db --disable-rpath --enable-cobc-internal-checks

## --------- ##
## Platform. ##
## --------- ##

hostname = DESKTOP-R8L265I
uname -m = i686
uname -r = 1.0.19(0.48/3/2)
uname -s = MINGW32_NT-6.2
uname -v = 2016-07-13 17:45

/usr/bin/uname -p = unknown
/bin/uname -X     = unknown

/bin/arch              = unknown
/usr/bin/arch -k       = unknown
/usr/convex/getsysinfo = unknown
/usr/bin/hostinfo      = unknown
/bin/machine           = unknown
/usr/bin/oslevel       = unknown
/bin/universe          = unknown

PATH: .
PATH: /usr/local/bin
PATH: /mingw/bin
PATH: /bin
PATH: /c/WINDOWS/system32
PATH: /c/WINDOWS
PATH: /c/WINDOWS/System32/Wbem
PATH: /c/WINDOWS/System32/WindowsPowerShell/v1.0/
PATH: /c/WINDOWS/System32/OpenSSH/
PATH: /c/Users/Arnold/AppData/Local/Microsoft/WindowsApps
PATH: /c/Program Files (x86)/SPFLite2
PATH: /c/Users/Arnold/AppData/Local/Microsoft/WindowsApps
PATH: .


## ----------- ##
## Core tests. ##
## ----------- ##

configure:2882: checking for a BSD-compatible install
configure:2950: result: /bin/install -c
configure:2961: checking whether build environment is sane
configure:3016: result: yes
configure:3162: checking for a thread-safe mkdir -p
configure:3201: result: /bin/mkdir -p
configure:3208: checking for gawk
configure:3224: found /bin/gawk
configure:3235: result: gawk
configure:3246: checking whether make sets $(MAKE)
configure:3268: result: yes
configure:3297: checking whether make supports nested variables
configure:3314: result: yes
configure:3607: checking for make
configure:3623: found /bin/make
configure:3634: result: make
configure:3694: checking whether make can handle common constructs
configure:3706: make -f confmf.mk
configure:3709: $? = 0
configure:3715: result: yes
configure:3727: checking whether make supports order-only prerequisites
configure:3742: make -f confmf.mk && make -f confmf.mk && cat confinc.out
target am__prereq.
target confprereq.
target am__doit.
target am__prereq.
target am__doit.
configure:3745: $? = 0
configure:3756: result: yes
configure:3770: checking whether CFLAGS -O can be modified
configure:3777: result: yes
configure:3836: checking for gcc
configure:3852: found /mingw/bin/gcc
configure:3863: result: gcc
configure:3894: checking for C compiler version
configure:3903: gcc --version >&5
gcc.exe (MinGW.org GCC Build-2) 9.2.0
Copyright (C) 2019 Free Software Foundation, Inc.
This is free software; see the source for copying conditions.  There is NO
warranty; not even for MERCHANTABILITY or FITNESS FOR A PARTICULAR PURPOSE.

configure:3914: $? = 0
configure:3903: gcc -v >&5
Using built-in specs.
COLLECT_GCC=C:\MinGW\bin\gcc.exe
COLLECT_LTO_WRAPPER=c:/mingw/bin/../libexec/gcc/mingw32/9.2.0/lto-wrapper.exe
Target: mingw32
Configured with: ../src/gcc-9.2.0/configure --build=x86_64-pc-linux-gnu --host=mingw32 --target=mingw32 --disable-win32-registry --with-arch=i586 --with-tune=generic --enable-static --enable-shared --enable-threads --enable-languages=c,c++,objc,obj-c++,fortran,ada --with-dwarf2 --disable-sjlj-exceptions --enable-version-specific-runtime-libs --enable-libgomp --disable-libvtv --with-libiconv-prefix=/mingw --with-libintl-prefix=/mingw --enable-libstdcxx-debug --disable-build-format-warnings --prefix=/mingw --with-gmp=/mingw --with-mpfr=/mingw --with-mpc=/mingw --with-isl=/mingw --enable-nls --with-pkgversion='MinGW.org GCC Build-2'
Thread model: win32
gcc version 9.2.0 (MinGW.org GCC Build-2) 
configure:3914: $? = 0
configure:3903: gcc -V >&5
gcc.exe: error: unrecognized command line option '-V'
gcc.exe: fatal error: no input files
compilation terminated.
configure:3914: $? = 1
configure:3903: gcc -qversion >&5
gcc.exe: error: unrecognized command line option '-qversion'; did you mean '--version'?
gcc.exe: fatal error: no input files
compilation terminated.
configure:3914: $? = 1
configure:3934: checking whether the C compiler works
configure:3956: gcc -O2   conftest.c  >&5
configure:3960: $? = 0
configure:4008: result: yes
configure:4011: checking for C compiler default output file name
configure:4013: result: a.exe
configure:4019: checking for suffix of executables
configure:4026: gcc -o conftest.exe -O2   conftest.c  >&5
configure:4030: $? = 0
configure:4052: result: .exe
configure:4074: checking whether we are cross compiling
configure:4082: gcc -o conftest.exe -O2   conftest.c  >&5
configure:4086: $? = 0
configure:4093: ./conftest.exe
configure:4097: $? = 0
configure:4112: result: no
configure:4117: checking for suffix of object files
configure:4139: gcc -c -O2  conftest.c >&5
configure:4143: $? = 0
configure:4164: result: o
configure:4168: checking whether we are using the GNU C compiler
configure:4187: gcc -c -O2  conftest.c >&5
configure:4187: $? = 0
configure:4196: result: yes
configure:4205: checking whether gcc accepts -g
configure:4225: gcc -c -g  conftest.c >&5
configure:4225: $? = 0
configure:4266: result: yes
configure:4283: checking for gcc option to accept ISO C89
configure:4346: gcc  -c -O2  conftest.c >&5
configure:4346: $? = 0
configure:4359: result: none needed
configure:4384: checking whether gcc understands -c and -o together
configure:4406: gcc -c conftest.c -o conftest2.o
configure:4409: $? = 0
configure:4406: gcc -c conftest.c -o conftest2.o
configure:4409: $? = 0
configure:4421: result: yes
configure:4441: checking whether make supports the include directive
configure:4456: make -f confmf.GNU && cat confinc.out
this is the am__doit target
configure:4459: $? = 0
configure:4478: result: yes (GNU style)
configure:4503: checking dependency style of gcc
configure:4614: result: gcc3
configure:4636: checking how to run the C preprocessor
configure:4667: gcc -E  conftest.c
configure:4667: $? = 0
configure:4681: gcc -E  conftest.c
conftest.c:13:10: fatal error: ac_nonexistent.h: No such file or directory
   13 | #include <ac_nonexistent.h>
      |          ^~~~~~~~~~~~~~~~~~
compilation terminated.
configure:4681: $? = 1
configure: failed program was:
| /* confdefs.h */
| #define PACKAGE_NAME "GnuCOBOL"
| #define PACKAGE_TARNAME "gnucobol"
| #define PACKAGE_VERSION "3.2"
| #define PACKAGE_STRING "GnuCOBOL 3.2"
| #define PACKAGE_BUGREPORT "bug-gnucobol@gnu.org"
| #define PACKAGE_URL "https://www.gnu.org/software/gnucobol/"
| #define PACKAGE "gnucobol"
| #define COB_TREE_DEBUG 1
| #define PATCH_LEVEL 0
| #define MAX_CALL_FIELD_PARAMS 192
| /* end confdefs.h.  */
| #include <ac_nonexistent.h>
configure:4706: result: gcc -E
configure:4726: gcc -E  conftest.c
configure:4726: $? = 0
configure:4740: gcc -E  conftest.c
conftest.c:13:10: fatal error: ac_nonexistent.h: No such file or directory
   13 | #include <ac_nonexistent.h>
      |          ^~~~~~~~~~~~~~~~~~
compilation terminated.
configure:4740: $? = 1
configure: failed program was:
| /* confdefs.h */
| #define PACKAGE_NAME "GnuCOBOL"
| #define PACKAGE_TARNAME "gnucobol"
| #define PACKAGE_VERSION "3.2"
| #define PACKAGE_STRING "GnuCOBOL 3.2"
| #define PACKAGE_BUGREPORT "bug-gnucobol@gnu.org"
| #define PACKAGE_URL "https://www.gnu.org/software/gnucobol/"
| #define PACKAGE "gnucobol"
| #define COB_TREE_DEBUG 1
| #define PATCH_LEVEL 0
| #define MAX_CALL_FIELD_PARAMS 192
| /* end confdefs.h.  */
| #include <ac_nonexistent.h>
configure:4769: checking for grep that handles long lines and -e
configure:4827: result: /bin/grep
configure:4832: checking for egrep
configure:4894: result: /bin/grep -E
configure:4899: checking for ANSI C header files
configure:4919: gcc -c -O2  conftest.c >&5
configure:4919: $? = 0
configure:4992: gcc -o conftest.exe -O2   conftest.c  >&5
configure:4992: $? = 0
configure:4992: ./conftest.exe
configure:4992: $? = 0
configure:5003: result: yes
configure:5016: checking for sys/types.h
configure:5016: gcc -c -O2  conftest.c >&5
configure:5016: $? = 0
configure:5016: result: yes
configure:5016: checking for sys/stat.h
configure:5016: gcc -c -O2  conftest.c >&5
configure:5016: $? = 0
configure:5016: result: yes
configure:5016: checking for stdlib.h
configure:5016: gcc -c -O2  conftest.c >&5
configure:5016: $? = 0
configure:5016: result: yes
configure:5016: checking for string.h
configure:5016: gcc -c -O2  conftest.c >&5
configure:5016: $? = 0
configure:5016: result: yes
configure:5016: checking for memory.h
configure:5016: gcc -c -O2  conftest.c >&5
configure:5016: $? = 0
configure:5016: result: yes
configure:5016: checking for strings.h
configure:5016: gcc -c -O2  conftest.c >&5
configure:5016: $? = 0
configure:5016: result: yes
configure:5016: checking for inttypes.h
configure:5016: gcc -c -O2  conftest.c >&5
configure:5016: $? = 0
configure:5016: result: yes
configure:5016: checking for stdint.h
configure:5016: gcc -c -O2  conftest.c >&5
configure:5016: $? = 0
configure:5016: result: yes
configure:5016: checking for unistd.h
configure:5016: gcc -c -O2  conftest.c >&5
configure:5016: $? = 0
configure:5016: result: yes
configure:5029: checking minix/config.h usability
configure:5029: gcc -c -O2  conftest.c >&5
conftest.c:56:10: fatal error: minix/config.h: No such file or directory
   56 | #include <minix/config.h>
      |          ^~~~~~~~~~~~~~~~
compilation terminated.
configure:5029: $? = 1
configure: failed program was:
| /* confdefs.h */
| #define PACKAGE_NAME "GnuCOBOL"
| #define PACKAGE_TARNAME "gnucobol"
| #define PACKAGE_VERSION "3.2"
| #define PACKAGE_STRING "GnuCOBOL 3.2"
| #define PACKAGE_BUGREPORT "bug-gnucobol@gnu.org"
| #define PACKAGE_URL "https://www.gnu.org/software/gnucobol/"
| #define PACKAGE "gnucobol"
| #define COB_TREE_DEBUG 1
| #define PATCH_LEVEL 0
| #define MAX_CALL_FIELD_PARAMS 192
| #define STDC_HEADERS 1
| #define HAVE_SYS_TYPES_H 1
| #define HAVE_SYS_STAT_H 1
| #define HAVE_STDLIB_H 1
| #define HAVE_STRING_H 1
| #define HAVE_MEMORY_H 1
| #define HAVE_STRINGS_H 1
| #define HAVE_INTTYPES_H 1
| #define HAVE_STDINT_H 1
| #define HAVE_UNISTD_H 1
| /* end confdefs.h.  */
| #include <stdio.h>
| #ifdef HAVE_SYS_TYPES_H
| # include <sys/types.h>
| #endif
| #ifdef HAVE_SYS_STAT_H
| # include <sys/stat.h>
| #endif
| #ifdef STDC_HEADERS
| # include <stdlib.h>
| # include <stddef.h>
| #else
| # ifdef HAVE_STDLIB_H
| #  include <stdlib.h>
| # endif
| #endif
| #ifdef HAVE_STRING_H
| # if !defined STDC_HEADERS && defined HAVE_MEMORY_H
| #  include <memory.h>
| # endif
| # include <string.h>
| #endif
| #ifdef HAVE_STRINGS_H
| # include <strings.h>
| #endif
| #ifdef HAVE_INTTYPES_H
| # include <inttypes.h>
| #endif
| #ifdef HAVE_STDINT_H
| # include <stdint.h>
| #endif
| #ifdef HAVE_UNISTD_H
| # include <unistd.h>
| #endif
| #include <minix/config.h>
configure:5029: result: no
configure:5029: checking minix/config.h presence
configure:5029: gcc -E  conftest.c
conftest.c:23:10: fatal error: minix/config.h: No such file or directory
   23 | #include <minix/config.h>
      |          ^~~~~~~~~~~~~~~~
compilation terminated.
configure:5029: $? = 1
configure: failed program was:
| /* confdefs.h */
| #define PACKAGE_NAME "GnuCOBOL"
| #define PACKAGE_TARNAME "gnucobol"
| #define PACKAGE_VERSION "3.2"
| #define PACKAGE_STRING "GnuCOBOL 3.2"
| #define PACKAGE_BUGREPORT "bug-gnucobol@gnu.org"
| #define PACKAGE_URL "https://www.gnu.org/software/gnucobol/"
| #define PACKAGE "gnucobol"
| #define COB_TREE_DEBUG 1
| #define PATCH_LEVEL 0
| #define MAX_CALL_FIELD_PARAMS 192
| #define STDC_HEADERS 1
| #define HAVE_SYS_TYPES_H 1
| #define HAVE_SYS_STAT_H 1
| #define HAVE_STDLIB_H 1
| #define HAVE_STRING_H 1
| #define HAVE_MEMORY_H 1
| #define HAVE_STRINGS_H 1
| #define HAVE_INTTYPES_H 1
| #define HAVE_STDINT_H 1
| #define HAVE_UNISTD_H 1
| /* end confdefs.h.  */
| #include <minix/config.h>
configure:5029: result: no
configure:5029: checking for minix/config.h
configure:5029: result: no
configure:5050: checking whether it is safe to define __EXTENSIONS__
configure:5068: gcc -c -O2  conftest.c >&5
configure:5068: $? = 0
configure:5075: result: yes
configure:5100: checking for __INTEL_COMPILER
configure:5109: gcc -c -O2  conftest.c >&5
conftest.c:30:4: error: #error macro not defined
   30 |  # error macro not defined
      |    ^~~~~
configure:5109: $? = 1
configure: failed program was:
| /* confdefs.h */
| #define PACKAGE_NAME "GnuCOBOL"
| #define PACKAGE_TARNAME "gnucobol"
| #define PACKAGE_VERSION "3.2"
| #define PACKAGE_STRING "GnuCOBOL 3.2"
| #define PACKAGE_BUGREPORT "bug-gnucobol@gnu.org"
| #define PACKAGE_URL "https://www.gnu.org/software/gnucobol/"
| #define PACKAGE "gnucobol"
| #define COB_TREE_DEBUG 1
| #define PATCH_LEVEL 0
| #define MAX_CALL_FIELD_PARAMS 192
| #define STDC_HEADERS 1
| #define HAVE_SYS_TYPES_H 1
| #define HAVE_SYS_STAT_H 1
| #define HAVE_STDLIB_H 1
| #define HAVE_STRING_H 1
| #define HAVE_MEMORY_H 1
| #define HAVE_STRINGS_H 1
| #define HAVE_INTTYPES_H 1
| #define HAVE_STDINT_H 1
| #define HAVE_UNISTD_H 1
| #define __EXTENSIONS__ 1
| #define _ALL_SOURCE 1
| #define _GNU_SOURCE 1
| #define _POSIX_PTHREAD_SEMANTICS 1
| #define _TANDEM_SOURCE 1
| /* end confdefs.h.  */
| 
| 	#ifndef __INTEL_COMPILER
| 	# error macro not defined
| 	#endif
configure:5117: result: no
configure:5123: checking for __clang__
configure:5132: gcc -c -O2  conftest.c >&5
conftest.c:30:4: error: #error macro not defined
   30 |  # error macro not defined
      |    ^~~~~
configure:5132: $? = 1
configure: failed program was:
| /* confdefs.h */
| #define PACKAGE_NAME "GnuCOBOL"
| #define PACKAGE_TARNAME "gnucobol"
| #define PACKAGE_VERSION "3.2"
| #define PACKAGE_STRING "GnuCOBOL 3.2"
| #define PACKAGE_BUGREPORT "bug-gnucobol@gnu.org"
| #define PACKAGE_URL "https://www.gnu.org/software/gnucobol/"
| #define PACKAGE "gnucobol"
| #define COB_TREE_DEBUG 1
| #define PATCH_LEVEL 0
| #define MAX_CALL_FIELD_PARAMS 192
| #define STDC_HEADERS 1
| #define HAVE_SYS_TYPES_H 1
| #define HAVE_SYS_STAT_H 1
| #define HAVE_STDLIB_H 1
| #define HAVE_STRING_H 1
| #define HAVE_MEMORY_H 1
| #define HAVE_STRINGS_H 1
| #define HAVE_INTTYPES_H 1
| #define HAVE_STDINT_H 1
| #define HAVE_UNISTD_H 1
| #define __EXTENSIONS__ 1
| #define _ALL_SOURCE 1
| #define _GNU_SOURCE 1
| #define _POSIX_PTHREAD_SEMANTICS 1
| #define _TANDEM_SOURCE 1
| /* end confdefs.h.  */
| 
| 	#ifndef __clang__
| 	# error macro not defined
| 	#endif
configure:5137: result: no
configure:5142: checking for __xlc__
configure:5151: gcc -c -O2  conftest.c >&5
conftest.c:30:4: error: #error macro not defined
   30 |  # error macro not defined
      |    ^~~~~
configure:5151: $? = 1
configure: failed program was:
| /* confdefs.h */
| #define PACKAGE_NAME "GnuCOBOL"
| #define PACKAGE_TARNAME "gnucobol"
| #define PACKAGE_VERSION "3.2"
| #define PACKAGE_STRING "GnuCOBOL 3.2"
| #define PACKAGE_BUGREPORT "bug-gnucobol@gnu.org"
| #define PACKAGE_URL "https://www.gnu.org/software/gnucobol/"
| #define PACKAGE "gnucobol"
| #define COB_TREE_DEBUG 1
| #define PATCH_LEVEL 0
| #define MAX_CALL_FIELD_PARAMS 192
| #define STDC_HEADERS 1
| #define HAVE_SYS_TYPES_H 1
| #define HAVE_SYS_STAT_H 1
| #define HAVE_STDLIB_H 1
| #define HAVE_STRING_H 1
| #define HAVE_MEMORY_H 1
| #define HAVE_STRINGS_H 1
| #define HAVE_INTTYPES_H 1
| #define HAVE_STDINT_H 1
| #define HAVE_UNISTD_H 1
| #define __EXTENSIONS__ 1
| #define _ALL_SOURCE 1
| #define _GNU_SOURCE 1
| #define _POSIX_PTHREAD_SEMANTICS 1
| #define _TANDEM_SOURCE 1
| /* end confdefs.h.  */
| 
| 	#ifndef __xlc__
| 	# error macro not defined
| 	#endif
configure:5156: result: no
configure:5161: checking for __WATCOMC__
configure:5170: gcc -c -O2  conftest.c >&5
conftest.c:30:4: error: #error macro not defined
   30 |  # error macro not defined
      |    ^~~~~
configure:5170: $? = 1
configure: failed program was:
| /* confdefs.h */
| #define PACKAGE_NAME "GnuCOBOL"
| #define PACKAGE_TARNAME "gnucobol"
| #define PACKAGE_VERSION "3.2"
| #define PACKAGE_STRING "GnuCOBOL 3.2"
| #define PACKAGE_BUGREPORT "bug-gnucobol@gnu.org"
| #define PACKAGE_URL "https://www.gnu.org/software/gnucobol/"
| #define PACKAGE "gnucobol"
| #define COB_TREE_DEBUG 1
| #define PATCH_LEVEL 0
| #define MAX_CALL_FIELD_PARAMS 192
| #define STDC_HEADERS 1
| #define HAVE_SYS_TYPES_H 1
| #define HAVE_SYS_STAT_H 1
| #define HAVE_STDLIB_H 1
| #define HAVE_STRING_H 1
| #define HAVE_MEMORY_H 1
| #define HAVE_STRINGS_H 1
| #define HAVE_INTTYPES_H 1
| #define HAVE_STDINT_H 1
| #define HAVE_UNISTD_H 1
| #define __EXTENSIONS__ 1
| #define _ALL_SOURCE 1
| #define _GNU_SOURCE 1
| #define _POSIX_PTHREAD_SEMANTICS 1
| #define _TANDEM_SOURCE 1
| /* end confdefs.h.  */
| 
| 	#ifndef __WATCOMC__
| 	# error macro not defined
| 	#endif
configure:5175: result: no
configure:5180: checking for __SUNPRO_C
configure:5189: gcc -c -O2  conftest.c >&5
conftest.c:30:4: error: #error macro not defined
   30 |  # error macro not defined
      |    ^~~~~
configure:5189: $? = 1
configure: failed program was:
| /* confdefs.h */
| #define PACKAGE_NAME "GnuCOBOL"
| #define PACKAGE_TARNAME "gnucobol"
| #define PACKAGE_VERSION "3.2"
| #define PACKAGE_STRING "GnuCOBOL 3.2"
| #define PACKAGE_BUGREPORT "bug-gnucobol@gnu.org"
| #define PACKAGE_URL "https://www.gnu.org/software/gnucobol/"
| #define PACKAGE "gnucobol"
| #define COB_TREE_DEBUG 1
| #define PATCH_LEVEL 0
| #define MAX_CALL_FIELD_PARAMS 192
| #define STDC_HEADERS 1
| #define HAVE_SYS_TYPES_H 1
| #define HAVE_SYS_STAT_H 1
| #define HAVE_STDLIB_H 1
| #define HAVE_STRING_H 1
| #define HAVE_MEMORY_H 1
| #define HAVE_STRINGS_H 1
| #define HAVE_INTTYPES_H 1
| #define HAVE_STDINT_H 1
| #define HAVE_UNISTD_H 1
| #define __EXTENSIONS__ 1
| #define _ALL_SOURCE 1
| #define _GNU_SOURCE 1
| #define _POSIX_PTHREAD_SEMANTICS 1
| #define _TANDEM_SOURCE 1
| /* end confdefs.h.  */
| 
| 	#ifndef __SUNPRO_C
| 	# error macro not defined
| 	#endif
configure:5194: result: no
configure:5200: checking how to error on warnings during configure checks
configure:5228: gcc -o conftest.exe -O2 -Wall -Werror   conftest.c  >&5
configure:5228: $? = 0
configure:5237: result: -Wall -Werror
configure:5546: checking for windres
configure:5562: found /mingw/bin/windres
configure:5573: result: windres
configure:5646: checking for ar
configure:5662: found /mingw/bin/ar
configure:5673: result: ar
configure:5699: checking the archiver (ar) interface
configure:5715: gcc -c -O2  conftest.c >&5
configure:5715: $? = 0
configure:5717: ar cru libconftest.a conftest.o >&5
configure:5720: $? = 0
configure:5748: result: ar
configure:5797: checking build system type
configure:5811: result: i686-pc-mingw32
configure:5831: checking host system type
configure:5844: result: i686-pc-mingw32
configure:5885: checking how to print strings
configure:5912: result: printf
configure:5933: checking for a sed that does not truncate output
configure:5997: result: /bin/sed
configure:6015: checking for fgrep
configure:6077: result: /bin/grep -F
configure:6112: checking for ld used by gcc
configure:6179: result: c:/mingw/mingw32/bin/ld.exe
configure:6186: checking if the linker (c:/mingw/mingw32/bin/ld.exe) is GNU ld
configure:6201: result: yes
configure:6213: checking for BSD- or MS-compatible name lister (nm)
configure:6267: result: /mingw/bin/nm -B
configure:6397: checking the name lister (/mingw/bin/nm -B) interface
configure:6404: gcc -c -O2  conftest.c >&5
configure:6407: /mingw/bin/nm -B "conftest.o"
configure:6410: output
00000000 b .bss
00000000 d .data
00000000 r .rdata$zzz
00000000 t .text
00000000 B _some_variable
configure:6417: result: BSD nm
configure:6420: checking whether ln -s works
configure:6427: result: no, using cp -pR
configure:6432: checking the maximum length of command line arguments
configure:6563: result: 8192
configure:6611: checking how to convert i686-pc-mingw32 file names to i686-pc-mingw32 format
configure:6651: result: func_convert_file_msys_to_w32
configure:6658: checking how to convert i686-pc-mingw32 file names to toolchain format
configure:6678: result: func_convert_file_msys_to_w32
configure:6685: checking for c:/mingw/mingw32/bin/ld.exe option to reload object files
configure:6692: result: -r
configure:6766: checking for objdump
configure:6782: found /mingw/bin/objdump
configure:6793: result: objdump
configure:6822: checking how to recognize dependent libraries
configure:7022: result: file_magic ^x86 archive import|^x86 DLL
configure:7107: checking for dlltool
configure:7123: found /mingw/bin/dlltool
configure:7134: result: dlltool
configure:7164: checking how to associate runtime and link libraries
configure:7191: result: func_cygming_dll_for_implib
configure:7331: checking for archiver @FILE support
configure:7348: gcc -c -O2  conftest.c >&5
configure:7348: $? = 0
configure:7351: ar cr libconftest.a @conftest.lst >&5
configure:7354: $? = 0
configure:7359: ar cr libconftest.a @conftest.lst >&5
C:\MinGW\bin\ar.exe: conftest.o: No such file or directory
configure:7362: $? = 1
configure:7374: result: @
configure:7432: checking for strip
configure:7448: found /mingw/bin/strip
configure:7459: result: strip
configure:7531: checking for ranlib
configure:7547: found /mingw/bin/ranlib
configure:7558: result: ranlib
configure:7660: checking command to parse /mingw/bin/nm -B output from gcc object
configure:7813: gcc -c -O2  conftest.c >&5
configure:7816: $? = 0
configure:7820: /mingw/bin/nm -B conftest.o \| sed -n -e 's/^.*[ ]\([ABCDGIRSTW][ABCDGIRSTW]*\)[ ][ ]*\([_A-Za-z][_A-Za-z0-9]*\)\{0,1\}$/\1 \2 \2/p' | sed '/ __gnu_lto/d' \> conftest.nm
configure:7823: $? = 0
cannot find nm_test_var in conftest.nm
configure:7813: gcc -c -O2  conftest.c >&5
configure:7816: $? = 0
configure:7820: /mingw/bin/nm -B conftest.o \| sed -n -e 's/^.*[ ]\([ABCDGIRSTW][ABCDGIRSTW]*\)[ ][ ]*_\([_A-Za-z][_A-Za-z0-9]*\)\{0,1\}$/\1 _\2 \2/p' | sed '/ __gnu_lto/d' \> conftest.nm
configure:7823: $? = 0
configure:7889: gcc -o conftest.exe -O2   conftest.c conftstm.o >&5
configure:7892: $? = 0
configure:7930: result: ok
configure:7977: checking for sysroot
configure:8007: result: no
configure:8014: checking for a working dd
configure:8052: result: 
configure:8056: checking how to truncate binary pipes
configure:8071: result: /bin/sed -e 4q
configure:8400: checking for mt
configure:8430: result: no
configure:8450: checking if : is a manifest tool
configure:8456: : '-?'
configure:8464: result: no
configure:9138: checking for dlfcn.h
configure:9138: gcc -c -O2  conftest.c >&5
configure:9138: $? = 0
configure:9138: result: yes
configure:9202: checking for as
configure:9218: found /mingw/bin/as
configure:9229: result: as
configure:9294: checking for dlltool
configure:9321: result: dlltool
configure:9386: checking for objdump
configure:9413: result: objdump
configure:9691: checking for objdir
configure:9706: result: .libs
configure:9970: checking if gcc supports -fno-rtti -fno-exceptions
configure:9988: gcc -c -O2  -fno-rtti -fno-exceptions conftest.c >&5
cc1.exe: warning: command line option '-fno-rtti' is valid for C++/D/ObjC++ but not for C
configure:9992: $? = 0
configure:10005: result: no
configure:10363: checking for gcc option to produce PIC
configure:10370: result: -DDLL_EXPORT -DPIC
configure:10378: checking if gcc PIC flag -DDLL_EXPORT -DPIC works
configure:10396: gcc -c -O2  -DDLL_EXPORT -DPIC -DPIC conftest.c >&5
configure:10400: $? = 0
configure:10413: result: yes
configure:10442: checking if gcc static flag -static works
configure:10470: result: yes
configure:10485: checking if gcc supports -c -o file.o
configure:10506: gcc -c -O2  -o out/conftest2.o conftest.c >&5
configure:10510: $? = 0
configure:10532: result: yes
configure:10540: checking if gcc supports -c -o file.o
configure:10587: result: yes
configure:10620: checking whether the gcc linker (c:/mingw/mingw32/bin/ld.exe) supports shared libraries
configure:11881: result: yes
configure:11918: checking whether -lc should be explicitly linked in
configure:11926: gcc -c -O2  conftest.c >&5
configure:11929: $? = 0
configure:11944: gcc -shared conftest.o  -v -o ./conftest -Wl,--enable-auto-image-base -Xlinker --out-implib -Xlinker conftest 2\>\&1 \| /bin/grep  -lc  \>/dev/null 2\>\&1
configure:11947: $? = 1
configure:11961: result: yes
configure:12121: checking dynamic linker characteristics
configure:12951: result: Win32 ld.exe
configure:13073: checking how to hardcode library paths into programs
configure:13098: result: immediate
configure:13646: checking whether stripping libraries is possible
configure:13655: result: yes
configure:13697: checking if libtool supports shared libraries
configure:13699: result: yes
configure:13702: checking whether to build shared libraries
configure:13727: result: yes
configure:13730: checking whether to build static libraries
configure:13734: result: yes
configure:13852: checking for flex
configure:13882: result: no
configure:13852: checking for lex
configure:13882: result: no
configure:14014: checking if flex is the lexer generator
configure:14027: result: no
configure:14037: checking for bison
configure:14053: found /bin/bison
configure:14064: result: bison -y
configure:14080: checking if bison is the parser generator
configure:14093: result: yes
configure:14103: checking for diff arguments
configure:14118: result: --strip-trailing-cr
configure:14132: checking whether ln -s works
configure:14139: result: no, using cp -pR
configure:14145: checking whether make sets $(MAKE)
configure:14167: result: yes
configure:14201: checking for ld used by gcc
configure:14268: result: c:/mingw/mingw32/bin/ld.exe
configure:14275: checking if the linker (c:/mingw/mingw32/bin/ld.exe) is GNU ld
configure:14290: result: yes
configure:14297: checking for shared library run path origin
configure:14310: result: done
configure:14422: checking for sys/types.h
configure:14422: result: yes
configure:14422: checking signal.h usability
configure:14422: gcc -c -O2  conftest.c >&5
configure:14422: $? = 0
configure:14422: result: yes
configure:14422: checking signal.h presence
configure:14422: gcc -E  conftest.c
configure:14422: $? = 0
configure:14422: result: yes
configure:14422: checking for signal.h
configure:14422: result: yes
configure:14422: checking stddef.h usability
configure:14422: gcc -c -O2  conftest.c >&5
configure:14422: $? = 0
configure:14422: result: yes
configure:14422: checking stddef.h presence
configure:14422: gcc -E  conftest.c
configure:14422: $? = 0
configure:14422: result: yes
configure:14422: checking for stddef.h
configure:14422: result: yes
configure:14438: checking sys/time.h usability
configure:14438: gcc -c -O2  conftest.c >&5
configure:14438: $? = 0
configure:14438: result: yes
configure:14438: checking sys/time.h presence
configure:14438: gcc -E  conftest.c
configure:14438: $? = 0
configure:14438: result: yes
configure:14438: checking for sys/time.h
configure:14438: result: yes
configure:14438: checking locale.h usability
configure:14438: gcc -c -O2  conftest.c >&5
configure:14438: $? = 0
configure:14438: result: yes
configure:14438: checking locale.h presence
configure:14438: gcc -E  conftest.c
configure:14438: $? = 0
configure:14438: result: yes
configure:14438: checking for locale.h
configure:14438: result: yes
configure:14438: checking fcntl.h usability
configure:14438: gcc -c -O2  conftest.c >&5
configure:14438: $? = 0
configure:14438: result: yes
configure:14438: checking fcntl.h presence
configure:14438: gcc -E  conftest.c
configure:14438: $? = 0
configure:14438: result: yes
configure:14438: checking for fcntl.h
configure:14438: result: yes
configure:14438: checking for dlfcn.h
configure:14438: result: yes
configure:14451: checking for an ANSI C-conforming const
configure:14517: gcc -c -O2  conftest.c >&5
configure:14517: $? = 0
configure:14524: result: yes
configure:14532: checking whether byte ordering is bigendian
configure:14547: gcc -c -O2  conftest.c >&5
conftest.c:38:9: error: unknown type name 'not'
   38 |         not a universal capable compiler
      |         ^~~
conftest.c:38:15: error: expected '=', ',', ';', 'asm' or '__attribute__' before 'universal'
   38 |         not a universal capable compiler
      |               ^~~~~~~~~
conftest.c:38:15: error: unknown type name 'universal'
configure:14547: $? = 1
configure: failed program was:
| /* confdefs.h */
| #define PACKAGE_NAME "GnuCOBOL"
| #define PACKAGE_TARNAME "gnucobol"
| #define PACKAGE_VERSION "3.2"
| #define PACKAGE_STRING "GnuCOBOL 3.2"
| #define PACKAGE_BUGREPORT "bug-gnucobol@gnu.org"
| #define PACKAGE_URL "https://www.gnu.org/software/gnucobol/"
| #define PACKAGE "gnucobol"
| #define COB_TREE_DEBUG 1
| #define PATCH_LEVEL 0
| #define MAX_CALL_FIELD_PARAMS 192
| #define STDC_HEADERS 1
| #define HAVE_SYS_TYPES_H 1
| #define HAVE_SYS_STAT_H 1
| #define HAVE_STDLIB_H 1
| #define HAVE_STRING_H 1
| #define HAVE_MEMORY_H 1
| #define HAVE_STRINGS_H 1
| #define HAVE_INTTYPES_H 1
| #define HAVE_STDINT_H 1
| #define HAVE_UNISTD_H 1
| #define __EXTENSIONS__ 1
| #define _ALL_SOURCE 1
| #define _GNU_SOURCE 1
| #define _POSIX_PTHREAD_SEMANTICS 1
| #define _TANDEM_SOURCE 1
| #define HAVE_DLFCN_H 1
| #define LT_OBJDIR ".libs/"
| #define HAVE_SYS_TYPES_H 1
| #define HAVE_SIGNAL_H 1
| #define HAVE_STDDEF_H 1
| #define HAVE_SYS_TIME_H 1
| #define HAVE_LOCALE_H 1
| #define HAVE_FCNTL_H 1
| #define HAVE_DLFCN_H 1
| /* end confdefs.h.  */
| #ifndef __APPLE_CC__
| 	       not a universal capable compiler
| 	     #endif
| 	     typedef int dummy;
| 
configure:14592: gcc -c -O2  conftest.c >&5
configure:14592: $? = 0
configure:14610: gcc -c -O2  conftest.c >&5
conftest.c: In function 'main':
conftest.c:44:4: error: unknown type name 'not'; did you mean 'ino_t'?
   44 |    not big endian
      |    ^~~
      |    ino_t
conftest.c:44:12: error: expected '=', ',', ';', 'asm' or '__attribute__' before 'endian'
   44 |    not big endian
      |            ^~~~~~
configure:14610: $? = 1
configure: failed program was:
| /* confdefs.h */
| #define PACKAGE_NAME "GnuCOBOL"
| #define PACKAGE_TARNAME "gnucobol"
| #define PACKAGE_VERSION "3.2"
| #define PACKAGE_STRING "GnuCOBOL 3.2"
| #define PACKAGE_BUGREPORT "bug-gnucobol@gnu.org"
| #define PACKAGE_URL "https://www.gnu.org/software/gnucobol/"
| #define PACKAGE "gnucobol"
| #define COB_TREE_DEBUG 1
| #define PATCH_LEVEL 0
| #define MAX_CALL_FIELD_PARAMS 192
| #define STDC_HEADERS 1
| #define HAVE_SYS_TYPES_H 1
| #define HAVE_SYS_STAT_H 1
| #define HAVE_STDLIB_H 1
| #define HAVE_STRING_H 1
| #define HAVE_MEMORY_H 1
| #define HAVE_STRINGS_H 1
| #define HAVE_INTTYPES_H 1
| #define HAVE_STDINT_H 1
| #define HAVE_UNISTD_H 1
| #define __EXTENSIONS__ 1
| #define _ALL_SOURCE 1
| #define _GNU_SOURCE 1
| #define _POSIX_PTHREAD_SEMANTICS 1
| #define _TANDEM_SOURCE 1
| #define HAVE_DLFCN_H 1
| #define LT_OBJDIR ".libs/"
| #define HAVE_SYS_TYPES_H 1
| #define HAVE_SIGNAL_H 1
| #define HAVE_STDDEF_H 1
| #define HAVE_SYS_TIME_H 1
| #define HAVE_LOCALE_H 1
| #define HAVE_FCNTL_H 1
| #define HAVE_DLFCN_H 1
| /* end confdefs.h.  */
| #include <sys/types.h>
| 		#include <sys/param.h>
| 
| int
| main ()
| {
| #if BYTE_ORDER != BIG_ENDIAN
| 		 not big endian
| 		#endif
| 
|   ;
|   return 0;
| }
configure:14738: result: no
configure:14756: checking for size_t
configure:14756: gcc -c -O2  conftest.c >&5
configure:14756: $? = 0
configure:14756: gcc -c -O2  conftest.c >&5
conftest.c: In function 'main':
conftest.c:73:21: error: expected expression before ')' token
   73 | if (sizeof ((size_t)))
      |                     ^
configure:14756: $? = 1
configure: failed program was:
| /* confdefs.h */
| #define PACKAGE_NAME "GnuCOBOL"
| #define PACKAGE_TARNAME "gnucobol"
| #define PACKAGE_VERSION "3.2"
| #define PACKAGE_STRING "GnuCOBOL 3.2"
| #define PACKAGE_BUGREPORT "bug-gnucobol@gnu.org"
| #define PACKAGE_URL "https://www.gnu.org/software/gnucobol/"
| #define PACKAGE "gnucobol"
| #define COB_TREE_DEBUG 1
| #define PATCH_LEVEL 0
| #define MAX_CALL_FIELD_PARAMS 192
| #define STDC_HEADERS 1
| #define HAVE_SYS_TYPES_H 1
| #define HAVE_SYS_STAT_H 1
| #define HAVE_STDLIB_H 1
| #define HAVE_STRING_H 1
| #define HAVE_MEMORY_H 1
| #define HAVE_STRINGS_H 1
| #define HAVE_INTTYPES_H 1
| #define HAVE_STDINT_H 1
| #define HAVE_UNISTD_H 1
| #define __EXTENSIONS__ 1
| #define _ALL_SOURCE 1
| #define _GNU_SOURCE 1
| #define _POSIX_PTHREAD_SEMANTICS 1
| #define _TANDEM_SOURCE 1
| #define HAVE_DLFCN_H 1
| #define LT_OBJDIR ".libs/"
| #define HAVE_SYS_TYPES_H 1
| #define HAVE_SIGNAL_H 1
| #define HAVE_STDDEF_H 1
| #define HAVE_SYS_TIME_H 1
| #define HAVE_LOCALE_H 1
| #define HAVE_FCNTL_H 1
| #define HAVE_DLFCN_H 1
| /* end confdefs.h.  */
| #include <stdio.h>
| #ifdef HAVE_SYS_TYPES_H
| # include <sys/types.h>
| #endif
| #ifdef HAVE_SYS_STAT_H
| # include <sys/stat.h>
| #endif
| #ifdef STDC_HEADERS
| # include <stdlib.h>
| # include <stddef.h>
| #else
| # ifdef HAVE_STDLIB_H
| #  include <stdlib.h>
| # endif
| #endif
| #ifdef HAVE_STRING_H
| # if !defined STDC_HEADERS && defined HAVE_MEMORY_H
| #  include <memory.h>
| # endif
| # include <string.h>
| #endif
| #ifdef HAVE_STRINGS_H
| # include <strings.h>
| #endif
| #ifdef HAVE_INTTYPES_H
| # include <inttypes.h>
| #endif
| #ifdef HAVE_STDINT_H
| # include <stdint.h>
| #endif
| #ifdef HAVE_UNISTD_H
| # include <unistd.h>
| #endif
| int
| main ()
| {
| if (sizeof ((size_t)))
| 	    return 0;
|   ;
|   return 0;
| }
configure:14756: result: yes
configure:14767: checking whether struct tm is in sys/time.h or time.h
configure:14787: gcc -c -O2  conftest.c >&5
configure:14787: $? = 0
configure:14794: result: time.h
configure:14802: checking for sig_atomic_t
configure:14802: gcc -c -O2  conftest.c >&5
configure:14802: $? = 0
configure:14802: gcc -c -O2  conftest.c >&5
conftest.c: In function 'main':
conftest.c:42:27: error: expected expression before ')' token
   42 | if (sizeof ((sig_atomic_t)))
      |                           ^
configure:14802: $? = 1
configure: failed program was:
| /* confdefs.h */
| #define PACKAGE_NAME "GnuCOBOL"
| #define PACKAGE_TARNAME "gnucobol"
| #define PACKAGE_VERSION "3.2"
| #define PACKAGE_STRING "GnuCOBOL 3.2"
| #define PACKAGE_BUGREPORT "bug-gnucobol@gnu.org"
| #define PACKAGE_URL "https://www.gnu.org/software/gnucobol/"
| #define PACKAGE "gnucobol"
| #define COB_TREE_DEBUG 1
| #define PATCH_LEVEL 0
| #define MAX_CALL_FIELD_PARAMS 192
| #define STDC_HEADERS 1
| #define HAVE_SYS_TYPES_H 1
| #define HAVE_SYS_STAT_H 1
| #define HAVE_STDLIB_H 1
| #define HAVE_STRING_H 1
| #define HAVE_MEMORY_H 1
| #define HAVE_STRINGS_H 1
| #define HAVE_INTTYPES_H 1
| #define HAVE_STDINT_H 1
| #define HAVE_UNISTD_H 1
| #define __EXTENSIONS__ 1
| #define _ALL_SOURCE 1
| #define _GNU_SOURCE 1
| #define _POSIX_PTHREAD_SEMANTICS 1
| #define _TANDEM_SOURCE 1
| #define HAVE_DLFCN_H 1
| #define LT_OBJDIR ".libs/"
| #define HAVE_SYS_TYPES_H 1
| #define HAVE_SIGNAL_H 1
| #define HAVE_STDDEF_H 1
| #define HAVE_SYS_TIME_H 1
| #define HAVE_LOCALE_H 1
| #define HAVE_FCNTL_H 1
| #define HAVE_DLFCN_H 1
| /* end confdefs.h.  */
| #include <signal.h>
| 
| int
| main ()
| {
| if (sizeof ((sig_atomic_t)))
| 	    return 0;
|   ;
|   return 0;
| }
configure:14802: result: yes
configure:14815: checking for inline keyword
configure:14843: gcc -c -O2  conftest.c >&5
configure:14843: $? = 0
configure:14850: result: __inline
configure:14861: checking for vprintf
configure:14861: gcc -o conftest.exe -O2   conftest.c  >&5
conftest.c:62:6: warning: conflicting types for built-in function 'vprintf'; expected 'int(const char *, char *)' [-Wbuiltin-declaration-mismatch]
   62 | char vprintf ();
      |      ^~~~~~~
conftest.c:50:1: note: 'vprintf' is declared in header '<stdio.h>'
   49 | # include <limits.h>
   50 | #else
configure:14861: $? = 0
configure:14861: result: yes
configure:14867: checking for _doprnt
configure:14867: gcc -o conftest.exe -O2   conftest.c  >&5
c:/mingw/bin/../lib/gcc/mingw32/9.2.0/../../../../mingw32/bin/ld.exe: C:\Users\Arnold\AppData\Local\Temp\ccqsT6BQ.o:conftest.c:(.text.startup+0xc): undefined reference to `_doprnt'
collect2.exe: error: ld returned 1 exit status
configure:14867: $? = 1
configure: failed program was:
| /* confdefs.h */
| #define PACKAGE_NAME "GnuCOBOL"
| #define PACKAGE_TARNAME "gnucobol"
| #define PACKAGE_VERSION "3.2"
| #define PACKAGE_STRING "GnuCOBOL 3.2"
| #define PACKAGE_BUGREPORT "bug-gnucobol@gnu.org"
| #define PACKAGE_URL "https://www.gnu.org/software/gnucobol/"
| #define PACKAGE "gnucobol"
| #define COB_TREE_DEBUG 1
| #define PATCH_LEVEL 0
| #define MAX_CALL_FIELD_PARAMS 192
| #define STDC_HEADERS 1
| #define HAVE_SYS_TYPES_H 1
| #define HAVE_SYS_STAT_H 1
| #define HAVE_STDLIB_H 1
| #define HAVE_STRING_H 1
| #define HAVE_MEMORY_H 1
| #define HAVE_STRINGS_H 1
| #define HAVE_INTTYPES_H 1
| #define HAVE_STDINT_H 1
| #define HAVE_UNISTD_H 1
| #define __EXTENSIONS__ 1
| #define _ALL_SOURCE 1
| #define _GNU_SOURCE 1
| #define _POSIX_PTHREAD_SEMANTICS 1
| #define _TANDEM_SOURCE 1
| #define HAVE_DLFCN_H 1
| #define LT_OBJDIR ".libs/"
| #define HAVE_SYS_TYPES_H 1
| #define HAVE_SIGNAL_H 1
| #define HAVE_STDDEF_H 1
| #define HAVE_SYS_TIME_H 1
| #define HAVE_LOCALE_H 1
| #define HAVE_FCNTL_H 1
| #define HAVE_DLFCN_H 1
| #define HAVE_SIG_ATOMIC_T 1
| #define COB_KEYWORD_INLINE __inline
| #define HAVE_VPRINTF 1
| /* end confdefs.h.  */
| /* Define _doprnt to an innocuous variant, in case <limits.h> declares _doprnt.
|    For example, HP-UX 11i <limits.h> declares gettimeofday.  */
| #define _doprnt innocuous__doprnt
| 
| /* System header to define __stub macros and hopefully few prototypes,
|     which can conflict with char _doprnt (); below.
|     Prefer <limits.h> to <assert.h> if __STDC__ is defined, since
|     <limits.h> exists even on freestanding compilers.  */
| 
| #ifdef __STDC__
| # include <limits.h>
| #else
| # include <assert.h>
| #endif
| 
| #undef _doprnt
| 
| /* Override any GCC internal prototype to avoid an error.
|    Use char because int might match the return type of a GCC
|    builtin and then its argument prototype would still apply.  */
| #ifdef __cplusplus
| extern "C"
| #endif
| char _doprnt ();
| /* The GNU C library defines this for functions which it implements
|     to always fail with ENOSYS.  Some functions are actually named
|     something starting with __ and the normal name is an alias.  */
| #if defined __stub__doprnt || defined __stub____doprnt
| choke me
| #endif
| 
| int
| main ()
| {
| return _doprnt ();
|   ;
|   return 0;
| }
configure:14867: result: no
configure:14884: checking for memmove
configure:14884: gcc -o conftest.exe -O2   conftest.c  >&5
conftest.c:63:6: warning: conflicting types for built-in function 'memmove'; expected 'void *(void *, const void *, unsigned int)' [-Wbuiltin-declaration-mismatch]
   63 | char memmove ();
      |      ^~~~~~~
conftest.c:51:1: note: 'memmove' is declared in header '<string.h>'
   50 | # include <limits.h>
   51 | #else
configure:14884: $? = 0
configure:14884: result: yes
configure:14884: checking for memset
configure:14884: gcc -o conftest.exe -O2   conftest.c  >&5
conftest.c:64:6: warning: conflicting types for built-in function 'memset'; expected 'void *(void *, int,  unsigned int)' [-Wbuiltin-declaration-mismatch]
   64 | char memset ();
      |      ^~~~~~
conftest.c:52:1: note: 'memset' is declared in header '<string.h>'
   51 | # include <limits.h>
   52 | #else
configure:14884: $? = 0
configure:14884: result: yes
configure:14884: checking for setlocale
configure:14884: gcc -o conftest.exe -O2   conftest.c  >&5
configure:14884: $? = 0
configure:14884: result: yes
configure:14884: checking for fcntl
configure:14884: gcc -o conftest.exe -O2   conftest.c  >&5
c:/mingw/bin/../lib/gcc/mingw32/9.2.0/../../../../mingw32/bin/ld.exe: C:\Users\Arnold\AppData\Local\Temp\ccujjLAg.o:conftest.c:(.text.startup+0xc): undefined reference to `fcntl'
collect2.exe: error: ld returned 1 exit status
configure:14884: $? = 1
configure: failed program was:
| /* confdefs.h */
| #define PACKAGE_NAME "GnuCOBOL"
| #define PACKAGE_TARNAME "gnucobol"
| #define PACKAGE_VERSION "3.2"
| #define PACKAGE_STRING "GnuCOBOL 3.2"
| #define PACKAGE_BUGREPORT "bug-gnucobol@gnu.org"
| #define PACKAGE_URL "https://www.gnu.org/software/gnucobol/"
| #define PACKAGE "gnucobol"
| #define COB_TREE_DEBUG 1
| #define PATCH_LEVEL 0
| #define MAX_CALL_FIELD_PARAMS 192
| #define STDC_HEADERS 1
| #define HAVE_SYS_TYPES_H 1
| #define HAVE_SYS_STAT_H 1
| #define HAVE_STDLIB_H 1
| #define HAVE_STRING_H 1
| #define HAVE_MEMORY_H 1
| #define HAVE_STRINGS_H 1
| #define HAVE_INTTYPES_H 1
| #define HAVE_STDINT_H 1
| #define HAVE_UNISTD_H 1
| #define __EXTENSIONS__ 1
| #define _ALL_SOURCE 1
| #define _GNU_SOURCE 1
| #define _POSIX_PTHREAD_SEMANTICS 1
| #define _TANDEM_SOURCE 1
| #define HAVE_DLFCN_H 1
| #define LT_OBJDIR ".libs/"
| #define HAVE_SYS_TYPES_H 1
| #define HAVE_SIGNAL_H 1
| #define HAVE_STDDEF_H 1
| #define HAVE_SYS_TIME_H 1
| #define HAVE_LOCALE_H 1
| #define HAVE_FCNTL_H 1
| #define HAVE_DLFCN_H 1
| #define HAVE_SIG_ATOMIC_T 1
| #define COB_KEYWORD_INLINE __inline
| #define HAVE_VPRINTF 1
| #define HAVE_MEMMOVE 1
| #define HAVE_MEMSET 1
| #define HAVE_SETLOCALE 1
| /* end confdefs.h.  */
| /* Define fcntl to an innocuous variant, in case <limits.h> declares fcntl.
|    For example, HP-UX 11i <limits.h> declares gettimeofday.  */
| #define fcntl innocuous_fcntl
| 
| /* System header to define __stub macros and hopefully few prototypes,
|     which can conflict with char fcntl (); below.
|     Prefer <limits.h> to <assert.h> if __STDC__ is defined, since
|     <limits.h> exists even on freestanding compilers.  */
| 
| #ifdef __STDC__
| # include <limits.h>
| #else
| # include <assert.h>
| #endif
| 
| #undef fcntl
| 
| /* Override any GCC internal prototype to avoid an error.
|    Use char because int might match the return type of a GCC
|    builtin and then its argument prototype would still apply.  */
| #ifdef __cplusplus
| extern "C"
| #endif
| char fcntl ();
| /* The GNU C library defines this for functions which it implements
|     to always fail with ENOSYS.  Some functions are actually named
|     something starting with __ and the normal name is an alias.  */
| #if defined __stub_fcntl || defined __stub___fcntl
| choke me
| #endif
| 
| int
| main ()
| {
| return fcntl ();
|   ;
|   return 0;
| }
configure:14884: result: no
configure:14884: checking for strerror
configure:14884: gcc -o conftest.exe -O2   conftest.c  >&5
configure:14884: $? = 0
configure:14884: result: yes
configure:14884: checking for strcasecmp
configure:14884: gcc -o conftest.exe -O2   conftest.c  >&5
conftest.c:67:6: warning: conflicting types for built-in function 'strcasecmp'; expected 'int(const char *, const char *)' [-Wbuiltin-declaration-mismatch]
   67 | char strcasecmp ();
      |      ^~~~~~~~~~
configure:14884: $? = 0
configure:14884: result: yes
configure:14884: checking for strchr
configure:14884: gcc -o conftest.exe -O2   conftest.c  >&5
conftest.c:68:6: warning: conflicting types for built-in function 'strchr'; expected 'char *(const char *, int)' [-Wbuiltin-declaration-mismatch]
   68 | char strchr ();
      |      ^~~~~~
conftest.c:56:1: note: 'strchr' is declared in header '<string.h>'
   55 | # include <limits.h>
   56 | #else
configure:14884: $? = 0
configure:14884: result: yes
configure:14884: checking for strrchr
configure:14884: gcc -o conftest.exe -O2   conftest.c  >&5
conftest.c:69:6: warning: conflicting types for built-in function 'strrchr'; expected 'char *(const char *, int)' [-Wbuiltin-declaration-mismatch]
   69 | char strrchr ();
      |      ^~~~~~~
conftest.c:57:1: note: 'strrchr' is declared in header '<string.h>'
   56 | # include <limits.h>
   57 | #else
configure:14884: $? = 0
configure:14884: result: yes
configure:14884: checking for strdup
configure:14884: gcc -o conftest.exe -O2   conftest.c  >&5
conftest.c:70:6: warning: conflicting types for built-in function 'strdup'; expected 'char *(const char *)' [-Wbuiltin-declaration-mismatch]
   70 | char strdup ();
      |      ^~~~~~
configure:14884: $? = 0
configure:14884: result: yes
configure:14884: checking for strstr
configure:14884: gcc -o conftest.exe -O2   conftest.c  >&5
conftest.c:71:6: warning: conflicting types for built-in function 'strstr'; expected 'char *(const char *, const char *)' [-Wbuiltin-declaration-mismatch]
   71 | char strstr ();
      |      ^~~~~~
conftest.c:59:1: note: 'strstr' is declared in header '<string.h>'
   58 | # include <limits.h>
   59 | #else
configure:14884: $? = 0
configure:14884: result: yes
configure:14884: checking for strtol
configure:14884: gcc -o conftest.exe -O2   conftest.c  >&5
configure:14884: $? = 0
configure:14884: result: yes
configure:14884: checking for gettimeofday
configure:14884: gcc -o conftest.exe -O2   conftest.c  >&5
configure:14884: $? = 0
configure:14884: result: yes
configure:14884: checking for localeconv
configure:14884: gcc -o conftest.exe -O2   conftest.c  >&5
configure:14884: $? = 0
configure:14884: result: yes
configure:14884: checking for getexecname
configure:14884: gcc -o conftest.exe -O2   conftest.c  >&5
c:/mingw/bin/../lib/gcc/mingw32/9.2.0/../../../../mingw32/bin/ld.exe: C:\Users\Arnold\AppData\Local\Temp\ccsyZg29.o:conftest.c:(.text.startup+0xc): undefined reference to `getexecname'
collect2.exe: error: ld returned 1 exit status
configure:14884: $? = 1
configure: failed program was:
| /* confdefs.h */
| #define PACKAGE_NAME "GnuCOBOL"
| #define PACKAGE_TARNAME "gnucobol"
| #define PACKAGE_VERSION "3.2"
| #define PACKAGE_STRING "GnuCOBOL 3.2"
| #define PACKAGE_BUGREPORT "bug-gnucobol@gnu.org"
| #define PACKAGE_URL "https://www.gnu.org/software/gnucobol/"
| #define PACKAGE "gnucobol"
| #define COB_TREE_DEBUG 1
| #define PATCH_LEVEL 0
| #define MAX_CALL_FIELD_PARAMS 192
| #define STDC_HEADERS 1
| #define HAVE_SYS_TYPES_H 1
| #define HAVE_SYS_STAT_H 1
| #define HAVE_STDLIB_H 1
| #define HAVE_STRING_H 1
| #define HAVE_MEMORY_H 1
| #define HAVE_STRINGS_H 1
| #define HAVE_INTTYPES_H 1
| #define HAVE_STDINT_H 1
| #define HAVE_UNISTD_H 1
| #define __EXTENSIONS__ 1
| #define _ALL_SOURCE 1
| #define _GNU_SOURCE 1
| #define _POSIX_PTHREAD_SEMANTICS 1
| #define _TANDEM_SOURCE 1
| #define HAVE_DLFCN_H 1
| #define LT_OBJDIR ".libs/"
| #define HAVE_SYS_TYPES_H 1
| #define HAVE_SIGNAL_H 1
| #define HAVE_STDDEF_H 1
| #define HAVE_SYS_TIME_H 1
| #define HAVE_LOCALE_H 1
| #define HAVE_FCNTL_H 1
| #define HAVE_DLFCN_H 1
| #define HAVE_SIG_ATOMIC_T 1
| #define COB_KEYWORD_INLINE __inline
| #define HAVE_VPRINTF 1
| #define HAVE_MEMMOVE 1
| #define HAVE_MEMSET 1
| #define HAVE_SETLOCALE 1
| #define HAVE_STRERROR 1
| #define HAVE_STRCASECMP 1
| #define HAVE_STRCHR 1
| #define HAVE_STRRCHR 1
| #define HAVE_STRDUP 1
| #define HAVE_STRSTR 1
| #define HAVE_STRTOL 1
| #define HAVE_GETTIMEOFDAY 1
| #define HAVE_LOCALECONV 1
| /* end confdefs.h.  */
| /* Define getexecname to an innocuous variant, in case <limits.h> declares getexecname.
|    For example, HP-UX 11i <limits.h> declares gettimeofday.  */
| #define getexecname innocuous_getexecname
| 
| /* System header to define __stub macros and hopefully few prototypes,
|     which can conflict with char getexecname (); below.
|     Prefer <limits.h> to <assert.h> if __STDC__ is defined, since
|     <limits.h> exists even on freestanding compilers.  */
| 
| #ifdef __STDC__
| # include <limits.h>
| #else
| # include <assert.h>
| #endif
| 
| #undef getexecname
| 
| /* Override any GCC internal prototype to avoid an error.
|    Use char because int might match the return type of a GCC
|    builtin and then its argument prototype would still apply.  */
| #ifdef __cplusplus
| extern "C"
| #endif
| char getexecname ();
| /* The GNU C library defines this for functions which it implements
|     to always fail with ENOSYS.  Some functions are actually named
|     something starting with __ and the normal name is an alias.  */
| #if defined __stub_getexecname || defined __stub___getexecname
| choke me
| #endif
| 
| int
| main ()
| {
| return getexecname ();
|   ;
|   return 0;
| }
configure:14884: result: no
configure:14884: checking for canonicalize_file_name
configure:14884: gcc -o conftest.exe -O2   conftest.c  >&5
c:/mingw/bin/../lib/gcc/mingw32/9.2.0/../../../../mingw32/bin/ld.exe: C:\Users\Arnold\AppData\Local\Temp\ccOGEWwD.o:conftest.c:(.text.startup+0xc): undefined reference to `canonicalize_file_name'
collect2.exe: error: ld returned 1 exit status
configure:14884: $? = 1
configure: failed program was:
| /* confdefs.h */
| #define PACKAGE_NAME "GnuCOBOL"
| #define PACKAGE_TARNAME "gnucobol"
| #define PACKAGE_VERSION "3.2"
| #define PACKAGE_STRING "GnuCOBOL 3.2"
| #define PACKAGE_BUGREPORT "bug-gnucobol@gnu.org"
| #define PACKAGE_URL "https://www.gnu.org/software/gnucobol/"
| #define PACKAGE "gnucobol"
| #define COB_TREE_DEBUG 1
| #define PATCH_LEVEL 0
| #define MAX_CALL_FIELD_PARAMS 192
| #define STDC_HEADERS 1
| #define HAVE_SYS_TYPES_H 1
| #define HAVE_SYS_STAT_H 1
| #define HAVE_STDLIB_H 1
| #define HAVE_STRING_H 1
| #define HAVE_MEMORY_H 1
| #define HAVE_STRINGS_H 1
| #define HAVE_INTTYPES_H 1
| #define HAVE_STDINT_H 1
| #define HAVE_UNISTD_H 1
| #define __EXTENSIONS__ 1
| #define _ALL_SOURCE 1
| #define _GNU_SOURCE 1
| #define _POSIX_PTHREAD_SEMANTICS 1
| #define _TANDEM_SOURCE 1
| #define HAVE_DLFCN_H 1
| #define LT_OBJDIR ".libs/"
| #define HAVE_SYS_TYPES_H 1
| #define HAVE_SIGNAL_H 1
| #define HAVE_STDDEF_H 1
| #define HAVE_SYS_TIME_H 1
| #define HAVE_LOCALE_H 1
| #define HAVE_FCNTL_H 1
| #define HAVE_DLFCN_H 1
| #define HAVE_SIG_ATOMIC_T 1
| #define COB_KEYWORD_INLINE __inline
| #define HAVE_VPRINTF 1
| #define HAVE_MEMMOVE 1
| #define HAVE_MEMSET 1
| #define HAVE_SETLOCALE 1
| #define HAVE_STRERROR 1
| #define HAVE_STRCASECMP 1
| #define HAVE_STRCHR 1
| #define HAVE_STRRCHR 1
| #define HAVE_STRDUP 1
| #define HAVE_STRSTR 1
| #define HAVE_STRTOL 1
| #define HAVE_GETTIMEOFDAY 1
| #define HAVE_LOCALECONV 1
| /* end confdefs.h.  */
| /* Define canonicalize_file_name to an innocuous variant, in case <limits.h> declares canonicalize_file_name.
|    For example, HP-UX 11i <limits.h> declares gettimeofday.  */
| #define canonicalize_file_name innocuous_canonicalize_file_name
| 
| /* System header to define __stub macros and hopefully few prototypes,
|     which can conflict with char canonicalize_file_name (); below.
|     Prefer <limits.h> to <assert.h> if __STDC__ is defined, since
|     <limits.h> exists even on freestanding compilers.  */
| 
| #ifdef __STDC__
| # include <limits.h>
| #else
| # include <assert.h>
| #endif
| 
| #undef canonicalize_file_name
| 
| /* Override any GCC internal prototype to avoid an error.
|    Use char because int might match the return type of a GCC
|    builtin and then its argument prototype would still apply.  */
| #ifdef __cplusplus
| extern "C"
| #endif
| char canonicalize_file_name ();
| /* The GNU C library defines this for functions which it implements
|     to always fail with ENOSYS.  Some functions are actually named
|     something starting with __ and the normal name is an alias.  */
| #if defined __stub_canonicalize_file_name || defined __stub___canonicalize_file_name
| choke me
| #endif
| 
| int
| main ()
| {
| return canonicalize_file_name ();
|   ;
|   return 0;
| }
configure:14884: result: no
configure:14884: checking for popen
configure:14884: gcc -o conftest.exe -O2   conftest.c  >&5
configure:14884: $? = 0
configure:14884: result: yes
configure:14884: checking for raise
configure:14884: gcc -o conftest.exe -O2   conftest.c  >&5
configure:14884: $? = 0
configure:14884: result: yes
configure:14884: checking for readlink
configure:14884: gcc -o conftest.exe -O2   conftest.c  >&5
c:/mingw/bin/../lib/gcc/mingw32/9.2.0/../../../../mingw32/bin/ld.exe: C:\Users\Arnold\AppData\Local\Temp\ccOqV066.o:conftest.c:(.text.startup+0xc): undefined reference to `readlink'
collect2.exe: error: ld returned 1 exit status
configure:14884: $? = 1
configure: failed program was:
| /* confdefs.h */
| #define PACKAGE_NAME "GnuCOBOL"
| #define PACKAGE_TARNAME "gnucobol"
| #define PACKAGE_VERSION "3.2"
| #define PACKAGE_STRING "GnuCOBOL 3.2"
| #define PACKAGE_BUGREPORT "bug-gnucobol@gnu.org"
| #define PACKAGE_URL "https://www.gnu.org/software/gnucobol/"
| #define PACKAGE "gnucobol"
| #define COB_TREE_DEBUG 1
| #define PATCH_LEVEL 0
| #define MAX_CALL_FIELD_PARAMS 192
| #define STDC_HEADERS 1
| #define HAVE_SYS_TYPES_H 1
| #define HAVE_SYS_STAT_H 1
| #define HAVE_STDLIB_H 1
| #define HAVE_STRING_H 1
| #define HAVE_MEMORY_H 1
| #define HAVE_STRINGS_H 1
| #define HAVE_INTTYPES_H 1
| #define HAVE_STDINT_H 1
| #define HAVE_UNISTD_H 1
| #define __EXTENSIONS__ 1
| #define _ALL_SOURCE 1
| #define _GNU_SOURCE 1
| #define _POSIX_PTHREAD_SEMANTICS 1
| #define _TANDEM_SOURCE 1
| #define HAVE_DLFCN_H 1
| #define LT_OBJDIR ".libs/"
| #define HAVE_SYS_TYPES_H 1
| #define HAVE_SIGNAL_H 1
| #define HAVE_STDDEF_H 1
| #define HAVE_SYS_TIME_H 1
| #define HAVE_LOCALE_H 1
| #define HAVE_FCNTL_H 1
| #define HAVE_DLFCN_H 1
| #define HAVE_SIG_ATOMIC_T 1
| #define COB_KEYWORD_INLINE __inline
| #define HAVE_VPRINTF 1
| #define HAVE_MEMMOVE 1
| #define HAVE_MEMSET 1
| #define HAVE_SETLOCALE 1
| #define HAVE_STRERROR 1
| #define HAVE_STRCASECMP 1
| #define HAVE_STRCHR 1
| #define HAVE_STRRCHR 1
| #define HAVE_STRDUP 1
| #define HAVE_STRSTR 1
| #define HAVE_STRTOL 1
| #define HAVE_GETTIMEOFDAY 1
| #define HAVE_LOCALECONV 1
| #define HAVE_POPEN 1
| #define HAVE_RAISE 1
| /* end confdefs.h.  */
| /* Define readlink to an innocuous variant, in case <limits.h> declares readlink.
|    For example, HP-UX 11i <limits.h> declares gettimeofday.  */
| #define readlink innocuous_readlink
| 
| /* System header to define __stub macros and hopefully few prototypes,
|     which can conflict with char readlink (); below.
|     Prefer <limits.h> to <assert.h> if __STDC__ is defined, since
|     <limits.h> exists even on freestanding compilers.  */
| 
| #ifdef __STDC__
| # include <limits.h>
| #else
| # include <assert.h>
| #endif
| 
| #undef readlink
| 
| /* Override any GCC internal prototype to avoid an error.
|    Use char because int might match the return type of a GCC
|    builtin and then its argument prototype would still apply.  */
| #ifdef __cplusplus
| extern "C"
| #endif
| char readlink ();
| /* The GNU C library defines this for functions which it implements
|     to always fail with ENOSYS.  Some functions are actually named
|     something starting with __ and the normal name is an alias.  */
| #if defined __stub_readlink || defined __stub___readlink
| choke me
| #endif
| 
| int
| main ()
| {
| return readlink ();
|   ;
|   return 0;
| }
configure:14884: result: no
configure:14884: checking for realpath
configure:14884: gcc -o conftest.exe -O2   conftest.c  >&5
c:/mingw/bin/../lib/gcc/mingw32/9.2.0/../../../../mingw32/bin/ld.exe: C:\Users\Arnold\AppData\Local\Temp\cc2WMI1x.o:conftest.c:(.text.startup+0xc): undefined reference to `realpath'
collect2.exe: error: ld returned 1 exit status
configure:14884: $? = 1
configure: failed program was:
| /* confdefs.h */
| #define PACKAGE_NAME "GnuCOBOL"
| #define PACKAGE_TARNAME "gnucobol"
| #define PACKAGE_VERSION "3.2"
| #define PACKAGE_STRING "GnuCOBOL 3.2"
| #define PACKAGE_BUGREPORT "bug-gnucobol@gnu.org"
| #define PACKAGE_URL "https://www.gnu.org/software/gnucobol/"
| #define PACKAGE "gnucobol"
| #define COB_TREE_DEBUG 1
| #define PATCH_LEVEL 0
| #define MAX_CALL_FIELD_PARAMS 192
| #define STDC_HEADERS 1
| #define HAVE_SYS_TYPES_H 1
| #define HAVE_SYS_STAT_H 1
| #define HAVE_STDLIB_H 1
| #define HAVE_STRING_H 1
| #define HAVE_MEMORY_H 1
| #define HAVE_STRINGS_H 1
| #define HAVE_INTTYPES_H 1
| #define HAVE_STDINT_H 1
| #define HAVE_UNISTD_H 1
| #define __EXTENSIONS__ 1
| #define _ALL_SOURCE 1
| #define _GNU_SOURCE 1
| #define _POSIX_PTHREAD_SEMANTICS 1
| #define _TANDEM_SOURCE 1
| #define HAVE_DLFCN_H 1
| #define LT_OBJDIR ".libs/"
| #define HAVE_SYS_TYPES_H 1
| #define HAVE_SIGNAL_H 1
| #define HAVE_STDDEF_H 1
| #define HAVE_SYS_TIME_H 1
| #define HAVE_LOCALE_H 1
| #define HAVE_FCNTL_H 1
| #define HAVE_DLFCN_H 1
| #define HAVE_SIG_ATOMIC_T 1
| #define COB_KEYWORD_INLINE __inline
| #define HAVE_VPRINTF 1
| #define HAVE_MEMMOVE 1
| #define HAVE_MEMSET 1
| #define HAVE_SETLOCALE 1
| #define HAVE_STRERROR 1
| #define HAVE_STRCASECMP 1
| #define HAVE_STRCHR 1
| #define HAVE_STRRCHR 1
| #define HAVE_STRDUP 1
| #define HAVE_STRSTR 1
| #define HAVE_STRTOL 1
| #define HAVE_GETTIMEOFDAY 1
| #define HAVE_LOCALECONV 1
| #define HAVE_POPEN 1
| #define HAVE_RAISE 1
| /* end confdefs.h.  */
| /* Define realpath to an innocuous variant, in case <limits.h> declares realpath.
|    For example, HP-UX 11i <limits.h> declares gettimeofday.  */
| #define realpath innocuous_realpath
| 
| /* System header to define __stub macros and hopefully few prototypes,
|     which can conflict with char realpath (); below.
|     Prefer <limits.h> to <assert.h> if __STDC__ is defined, since
|     <limits.h> exists even on freestanding compilers.  */
| 
| #ifdef __STDC__
| # include <limits.h>
| #else
| # include <assert.h>
| #endif
| 
| #undef realpath
| 
| /* Override any GCC internal prototype to avoid an error.
|    Use char because int might match the return type of a GCC
|    builtin and then its argument prototype would still apply.  */
| #ifdef __cplusplus
| extern "C"
| #endif
| char realpath ();
| /* The GNU C library defines this for functions which it implements
|     to always fail with ENOSYS.  Some functions are actually named
|     something starting with __ and the normal name is an alias.  */
| #if defined __stub_realpath || defined __stub___realpath
| choke me
| #endif
| 
| int
| main ()
| {
| return realpath ();
|   ;
|   return 0;
| }
configure:14884: result: no
configure:14884: checking for setenv
configure:14884: gcc -o conftest.exe -O2   conftest.c  >&5
configure:14884: $? = 0
configure:14884: result: yes
configure:14884: checking for strcoll
configure:14884: gcc -o conftest.exe -O2   conftest.c  >&5
configure:14884: $? = 0
configure:14884: result: yes
configure:14884: checking for flockfile
configure:14884: gcc -o conftest.exe -O2   conftest.c  >&5
c:/mingw/bin/../lib/gcc/mingw32/9.2.0/../../../../mingw32/bin/ld.exe: C:\Users\Arnold\AppData\Local\Temp\cc4pAcG1.o:conftest.c:(.text.startup+0xc): undefined reference to `flockfile'
collect2.exe: error: ld returned 1 exit status
configure:14884: $? = 1
configure: failed program was:
| /* confdefs.h */
| #define PACKAGE_NAME "GnuCOBOL"
| #define PACKAGE_TARNAME "gnucobol"
| #define PACKAGE_VERSION "3.2"
| #define PACKAGE_STRING "GnuCOBOL 3.2"
| #define PACKAGE_BUGREPORT "bug-gnucobol@gnu.org"
| #define PACKAGE_URL "https://www.gnu.org/software/gnucobol/"
| #define PACKAGE "gnucobol"
| #define COB_TREE_DEBUG 1
| #define PATCH_LEVEL 0
| #define MAX_CALL_FIELD_PARAMS 192
| #define STDC_HEADERS 1
| #define HAVE_SYS_TYPES_H 1
| #define HAVE_SYS_STAT_H 1
| #define HAVE_STDLIB_H 1
| #define HAVE_STRING_H 1
| #define HAVE_MEMORY_H 1
| #define HAVE_STRINGS_H 1
| #define HAVE_INTTYPES_H 1
| #define HAVE_STDINT_H 1
| #define HAVE_UNISTD_H 1
| #define __EXTENSIONS__ 1
| #define _ALL_SOURCE 1
| #define _GNU_SOURCE 1
| #define _POSIX_PTHREAD_SEMANTICS 1
| #define _TANDEM_SOURCE 1
| #define HAVE_DLFCN_H 1
| #define LT_OBJDIR ".libs/"
| #define HAVE_SYS_TYPES_H 1
| #define HAVE_SIGNAL_H 1
| #define HAVE_STDDEF_H 1
| #define HAVE_SYS_TIME_H 1
| #define HAVE_LOCALE_H 1
| #define HAVE_FCNTL_H 1
| #define HAVE_DLFCN_H 1
| #define HAVE_SIG_ATOMIC_T 1
| #define COB_KEYWORD_INLINE __inline
| #define HAVE_VPRINTF 1
| #define HAVE_MEMMOVE 1
| #define HAVE_MEMSET 1
| #define HAVE_SETLOCALE 1
| #define HAVE_STRERROR 1
| #define HAVE_STRCASECMP 1
| #define HAVE_STRCHR 1
| #define HAVE_STRRCHR 1
| #define HAVE_STRDUP 1
| #define HAVE_STRSTR 1
| #define HAVE_STRTOL 1
| #define HAVE_GETTIMEOFDAY 1
| #define HAVE_LOCALECONV 1
| #define HAVE_POPEN 1
| #define HAVE_RAISE 1
| #define HAVE_SETENV 1
| #define HAVE_STRCOLL 1
| /* end confdefs.h.  */
| /* Define flockfile to an innocuous variant, in case <limits.h> declares flockfile.
|    For example, HP-UX 11i <limits.h> declares gettimeofday.  */
| #define flockfile innocuous_flockfile
| 
| /* System header to define __stub macros and hopefully few prototypes,
|     which can conflict with char flockfile (); below.
|     Prefer <limits.h> to <assert.h> if __STDC__ is defined, since
|     <limits.h> exists even on freestanding compilers.  */
| 
| #ifdef __STDC__
| # include <limits.h>
| #else
| # include <assert.h>
| #endif
| 
| #undef flockfile
| 
| /* Override any GCC internal prototype to avoid an error.
|    Use char because int might match the return type of a GCC
|    builtin and then its argument prototype would still apply.  */
| #ifdef __cplusplus
| extern "C"
| #endif
| char flockfile ();
| /* The GNU C library defines this for functions which it implements
|     to always fail with ENOSYS.  Some functions are actually named
|     something starting with __ and the normal name is an alias.  */
| #if defined __stub_flockfile || defined __stub___flockfile
| choke me
| #endif
| 
| int
| main ()
| {
| return flockfile ();
|   ;
|   return 0;
| }
configure:14884: result: no
configure:14982: checking for timezone variable access
configure:14999: gcc -c -O2  conftest.c >&5
configure:14999: $? = 0
configure:15008: result: yes
configure:15016: checking for designated initializers
configure:15036: gcc -c -O2  conftest.c >&5
configure:15036: $? = 0
configure:15045: result: yes
configure:15172: Checks for math library ...
configure:15177: none needed
configure:15213: checking whether to build with code coverage support
configure:15233: result: no
configure:15595: checking for pkg-config
configure:15628: result: no
configure:15664: Checks for GMP/MPIR ...
configure:15699: checking for gmp
configure:15832: result: no
configure:15837: checking for libgmp
configure:15897: result: no
configure:15924: checking gmp.h usability
configure:15924: gcc -c -O2   -Wall -Werror conftest.c >&5
configure:15924: $? = 0
configure:15924: result: yes
configure:15924: checking gmp.h presence
configure:15924: gcc -E   -Wall -Werror conftest.c
configure:15924: $? = 0
configure:15924: result: yes
configure:15924: checking for gmp.h
configure:15924: result: yes
configure:15930: checking whether linking against libgmp with "-lgmp" works
configure:15943: gcc -o conftest.exe -O2   -Wall -Werror  conftest.c   -lgmp >&5
configure:15943: $? = 0
configure:15944: result: yes
configure:16122: checking matching GMP version
configure:16154: gcc -o conftest.exe -O2   -Wall -Werror -Wall -Werror  conftest.c   -lgmp >&5
configure:16154: $? = 0
configure:16154: ./conftest.exe
configure:16154: $? = 0
configure:16191: gcc -o conftest.exe -O2   -Wall -Werror -Wall -Werror  conftest.c   -lgmp >&5
configure:16191: $? = 0
configure:16191: ./conftest.exe
configure:16191: $? = 0
configure:16208: result: yes (6.2)
configure:16220: checking for __gmp_get_memory_functions in -lgmp
configure:16245: gcc -o conftest.exe -O2   -Wall -Werror -Wall -Werror  conftest.c -lgmp    -lgmp >&5
configure:16245: $? = 0
configure:16255: result: yes
configure:16281: checking for libxml-2.0
configure:16390: result: no
configure:16396: checking for xml2-config
configure:16429: result: no
configure:16460: checking libxml/xmlwriter.h usability
configure:16460: gcc -c -O2   conftest.c >&5
conftest.c:93:10: fatal error: libxml/xmlwriter.h: No such file or directory
   93 | #include <libxml/xmlwriter.h>
      |          ^~~~~~~~~~~~~~~~~~~~
compilation terminated.
configure:16460: $? = 1
configure: failed program was:
| /* confdefs.h */
| #define PACKAGE_NAME "GnuCOBOL"
| #define PACKAGE_TARNAME "gnucobol"
| #define PACKAGE_VERSION "3.2"
| #define PACKAGE_STRING "GnuCOBOL 3.2"
| #define PACKAGE_BUGREPORT "bug-gnucobol@gnu.org"
| #define PACKAGE_URL "https://www.gnu.org/software/gnucobol/"
| #define PACKAGE "gnucobol"
| #define COB_TREE_DEBUG 1
| #define PATCH_LEVEL 0
| #define MAX_CALL_FIELD_PARAMS 192
| #define STDC_HEADERS 1
| #define HAVE_SYS_TYPES_H 1
| #define HAVE_SYS_STAT_H 1
| #define HAVE_STDLIB_H 1
| #define HAVE_STRING_H 1
| #define HAVE_MEMORY_H 1
| #define HAVE_STRINGS_H 1
| #define HAVE_INTTYPES_H 1
| #define HAVE_STDINT_H 1
| #define HAVE_UNISTD_H 1
| #define __EXTENSIONS__ 1
| #define _ALL_SOURCE 1
| #define _GNU_SOURCE 1
| #define _POSIX_PTHREAD_SEMANTICS 1
| #define _TANDEM_SOURCE 1
| #define HAVE_DLFCN_H 1
| #define LT_OBJDIR ".libs/"
| #define HAVE_SYS_TYPES_H 1
| #define HAVE_SIGNAL_H 1
| #define HAVE_STDDEF_H 1
| #define HAVE_SYS_TIME_H 1
| #define HAVE_LOCALE_H 1
| #define HAVE_FCNTL_H 1
| #define HAVE_DLFCN_H 1
| #define HAVE_SIG_ATOMIC_T 1
| #define COB_KEYWORD_INLINE __inline
| #define HAVE_VPRINTF 1
| #define HAVE_MEMMOVE 1
| #define HAVE_MEMSET 1
| #define HAVE_SETLOCALE 1
| #define HAVE_STRERROR 1
| #define HAVE_STRCASECMP 1
| #define HAVE_STRCHR 1
| #define HAVE_STRRCHR 1
| #define HAVE_STRDUP 1
| #define HAVE_STRSTR 1
| #define HAVE_STRTOL 1
| #define HAVE_GETTIMEOFDAY 1
| #define HAVE_LOCALECONV 1
| #define HAVE_POPEN 1
| #define HAVE_RAISE 1
| #define HAVE_SETENV 1
| #define HAVE_STRCOLL 1
| #define HAVE_TIMEZONE 1
| #define HAVE_DESIGNATED_INITS 1
| #define HAVE_GMP_H 1
| #define HAVE_MP_GET_MEMORY_FUNCTIONS 1
| /* end confdefs.h.  */
| #include <stdio.h>
| #ifdef HAVE_SYS_TYPES_H
| # include <sys/types.h>
| #endif
| #ifdef HAVE_SYS_STAT_H
| # include <sys/stat.h>
| #endif
| #ifdef STDC_HEADERS
| # include <stdlib.h>
| # include <stddef.h>
| #else
| # ifdef HAVE_STDLIB_H
| #  include <stdlib.h>
| # endif
| #endif
| #ifdef HAVE_STRING_H
| # if !defined STDC_HEADERS && defined HAVE_MEMORY_H
| #  include <memory.h>
| # endif
| # include <string.h>
| #endif
| #ifdef HAVE_STRINGS_H
| # include <strings.h>
| #endif
| #ifdef HAVE_INTTYPES_H
| # include <inttypes.h>
| #endif
| #ifdef HAVE_STDINT_H
| # include <stdint.h>
| #endif
| #ifdef HAVE_UNISTD_H
| # include <unistd.h>
| #endif
| #include <libxml/xmlwriter.h>
configure:16460: result: no
configure:16460: checking libxml/xmlwriter.h presence
configure:16460: gcc -E   conftest.c
conftest.c:60:10: fatal error: libxml/xmlwriter.h: No such file or directory
   60 | #include <libxml/xmlwriter.h>
      |          ^~~~~~~~~~~~~~~~~~~~
compilation terminated.
configure:16460: $? = 1
configure: failed program was:
| /* confdefs.h */
| #define PACKAGE_NAME "GnuCOBOL"
| #define PACKAGE_TARNAME "gnucobol"
| #define PACKAGE_VERSION "3.2"
| #define PACKAGE_STRING "GnuCOBOL 3.2"
| #define PACKAGE_BUGREPORT "bug-gnucobol@gnu.org"
| #define PACKAGE_URL "https://www.gnu.org/software/gnucobol/"
| #define PACKAGE "gnucobol"
| #define COB_TREE_DEBUG 1
| #define PATCH_LEVEL 0
| #define MAX_CALL_FIELD_PARAMS 192
| #define STDC_HEADERS 1
| #define HAVE_SYS_TYPES_H 1
| #define HAVE_SYS_STAT_H 1
| #define HAVE_STDLIB_H 1
| #define HAVE_STRING_H 1
| #define HAVE_MEMORY_H 1
| #define HAVE_STRINGS_H 1
| #define HAVE_INTTYPES_H 1
| #define HAVE_STDINT_H 1
| #define HAVE_UNISTD_H 1
| #define __EXTENSIONS__ 1
| #define _ALL_SOURCE 1
| #define _GNU_SOURCE 1
| #define _POSIX_PTHREAD_SEMANTICS 1
| #define _TANDEM_SOURCE 1
| #define HAVE_DLFCN_H 1
| #define LT_OBJDIR ".libs/"
| #define HAVE_SYS_TYPES_H 1
| #define HAVE_SIGNAL_H 1
| #define HAVE_STDDEF_H 1
| #define HAVE_SYS_TIME_H 1
| #define HAVE_LOCALE_H 1
| #define HAVE_FCNTL_H 1
| #define HAVE_DLFCN_H 1
| #define HAVE_SIG_ATOMIC_T 1
| #define COB_KEYWORD_INLINE __inline
| #define HAVE_VPRINTF 1
| #define HAVE_MEMMOVE 1
| #define HAVE_MEMSET 1
| #define HAVE_SETLOCALE 1
| #define HAVE_STRERROR 1
| #define HAVE_STRCASECMP 1
| #define HAVE_STRCHR 1
| #define HAVE_STRRCHR 1
| #define HAVE_STRDUP 1
| #define HAVE_STRSTR 1
| #define HAVE_STRTOL 1
| #define HAVE_GETTIMEOFDAY 1
| #define HAVE_LOCALECONV 1
| #define HAVE_POPEN 1
| #define HAVE_RAISE 1
| #define HAVE_SETENV 1
| #define HAVE_STRCOLL 1
| #define HAVE_TIMEZONE 1
| #define HAVE_DESIGNATED_INITS 1
| #define HAVE_GMP_H 1
| #define HAVE_MP_GET_MEMORY_FUNCTIONS 1
| /* end confdefs.h.  */
| #include <libxml/xmlwriter.h>
configure:16460: result: no
configure:16460: checking for libxml/xmlwriter.h
configure:16460: result: no
configure:16467: WARNING: headers for libxml2 are missing, you may adjust XML2_CFLAGS
configure:16561: WARNING: Headers for libxml2 missing, you may adjust XML2_CFLAGS
configure:16572: Checks for JSON handler
configure:16602: Checks for local cJSON ...
configure:16607: checking whether linking of ./libcob/cJSON.c works
configure:16626: gcc -o conftest.exe -O2  -I./libcob  conftest.c   -lgmp  >&5
configure:16626: $? = 0
configure:16627: result: yes
configure:16837: using local cJSON: yes (in ./libcob)
configure:17083: gcc -o conftest.exe -O2   conftest.c   -lgmp >&5
configure:17083: $? = 0
configure:17192: checking for clock_gettime and CLOCK_REALTIME
configure:17205: gcc -o conftest.exe -O2   conftest.c   -lgmp >&5
configure:17205: $? = 0
configure:17207: result: yes
configure:17216: checking for isfinite
configure:17229: gcc -o conftest.exe -O2   conftest.c   -lgmp >&5
configure:17229: $? = 0
configure:17231: result: yes
configure:17282: checking for fdatasync
configure:17282: gcc -o conftest.exe -O2   conftest.c   -lgmp >&5
c:/mingw/bin/../lib/gcc/mingw32/9.2.0/../../../../mingw32/bin/ld.exe: C:\Users\Arnold\AppData\Local\Temp\ccmKcuQe.o:conftest.c:(.text.startup+0xc): undefined reference to `fdatasync'
collect2.exe: error: ld returned 1 exit status
configure:17282: $? = 1
configure: failed program was:
| /* confdefs.h */
| #define PACKAGE_NAME "GnuCOBOL"
| #define PACKAGE_TARNAME "gnucobol"
| #define PACKAGE_VERSION "3.2"
| #define PACKAGE_STRING "GnuCOBOL 3.2"
| #define PACKAGE_BUGREPORT "bug-gnucobol@gnu.org"
| #define PACKAGE_URL "https://www.gnu.org/software/gnucobol/"
| #define PACKAGE "gnucobol"
| #define COB_TREE_DEBUG 1
| #define PATCH_LEVEL 0
| #define MAX_CALL_FIELD_PARAMS 192
| #define STDC_HEADERS 1
| #define HAVE_SYS_TYPES_H 1
| #define HAVE_SYS_STAT_H 1
| #define HAVE_STDLIB_H 1
| #define HAVE_STRING_H 1
| #define HAVE_MEMORY_H 1
| #define HAVE_STRINGS_H 1
| #define HAVE_INTTYPES_H 1
| #define HAVE_STDINT_H 1
| #define HAVE_UNISTD_H 1
| #define __EXTENSIONS__ 1
| #define _ALL_SOURCE 1
| #define _GNU_SOURCE 1
| #define _POSIX_PTHREAD_SEMANTICS 1
| #define _TANDEM_SOURCE 1
| #define HAVE_DLFCN_H 1
| #define LT_OBJDIR ".libs/"
| #define HAVE_SYS_TYPES_H 1
| #define HAVE_SIGNAL_H 1
| #define HAVE_STDDEF_H 1
| #define HAVE_SYS_TIME_H 1
| #define HAVE_LOCALE_H 1
| #define HAVE_FCNTL_H 1
| #define HAVE_DLFCN_H 1
| #define HAVE_SIG_ATOMIC_T 1
| #define COB_KEYWORD_INLINE __inline
| #define HAVE_VPRINTF 1
| #define HAVE_MEMMOVE 1
| #define HAVE_MEMSET 1
| #define HAVE_SETLOCALE 1
| #define HAVE_STRERROR 1
| #define HAVE_STRCASECMP 1
| #define HAVE_STRCHR 1
| #define HAVE_STRRCHR 1
| #define HAVE_STRDUP 1
| #define HAVE_STRSTR 1
| #define HAVE_STRTOL 1
| #define HAVE_GETTIMEOFDAY 1
| #define HAVE_LOCALECONV 1
| #define HAVE_POPEN 1
| #define HAVE_RAISE 1
| #define HAVE_SETENV 1
| #define HAVE_STRCOLL 1
| #define HAVE_TIMEZONE 1
| #define HAVE_DESIGNATED_INITS 1
| #define HAVE_GMP_H 1
| #define HAVE_MP_GET_MEMORY_FUNCTIONS 1
| #define WITH_CJSON 1
| #define HAVE_CJSON_H 1
| #define WITH_JSON "cjson"
| #define WITH_VARSEQ 0
| #define HAVE_NANO_SLEEP 1
| #define HAVE_CLOCK_GETTIME 1
| #define HAVE_ISFINITE 1
| /* end confdefs.h.  */
| /* Define fdatasync to an innocuous variant, in case <limits.h> declares fdatasync.
|    For example, HP-UX 11i <limits.h> declares gettimeofday.  */
| #define fdatasync innocuous_fdatasync
| 
| /* System header to define __stub macros and hopefully few prototypes,
|     which can conflict with char fdatasync (); below.
|     Prefer <limits.h> to <assert.h> if __STDC__ is defined, since
|     <limits.h> exists even on freestanding compilers.  */
| 
| #ifdef __STDC__
| # include <limits.h>
| #else
| # include <assert.h>
| #endif
| 
| #undef fdatasync
| 
| /* Override any GCC internal prototype to avoid an error.
|    Use char because int might match the return type of a GCC
|    builtin and then its argument prototype would still apply.  */
| #ifdef __cplusplus
| extern "C"
| #endif
| char fdatasync ();
| /* The GNU C library defines this for functions which it implements
|     to always fail with ENOSYS.  Some functions are actually named
|     something starting with __ and the normal name is an alias.  */
| #if defined __stub_fdatasync || defined __stub___fdatasync
| choke me
| #endif
| 
| int
| main ()
| {
| return fdatasync ();
|   ;
|   return 0;
| }
configure:17282: result: no
configure:17282: checking for sigaction
configure:17282: gcc -o conftest.exe -O2   conftest.c   -lgmp >&5
c:/mingw/bin/../lib/gcc/mingw32/9.2.0/../../../../mingw32/bin/ld.exe: C:\Users\Arnold\AppData\Local\Temp\cc4B7LAG.o:conftest.c:(.text.startup+0xc): undefined reference to `sigaction'
collect2.exe: error: ld returned 1 exit status
configure:17282: $? = 1
configure: failed program was:
| /* confdefs.h */
| #define PACKAGE_NAME "GnuCOBOL"
| #define PACKAGE_TARNAME "gnucobol"
| #define PACKAGE_VERSION "3.2"
| #define PACKAGE_STRING "GnuCOBOL 3.2"
| #define PACKAGE_BUGREPORT "bug-gnucobol@gnu.org"
| #define PACKAGE_URL "https://www.gnu.org/software/gnucobol/"
| #define PACKAGE "gnucobol"
| #define COB_TREE_DEBUG 1
| #define PATCH_LEVEL 0
| #define MAX_CALL_FIELD_PARAMS 192
| #define STDC_HEADERS 1
| #define HAVE_SYS_TYPES_H 1
| #define HAVE_SYS_STAT_H 1
| #define HAVE_STDLIB_H 1
| #define HAVE_STRING_H 1
| #define HAVE_MEMORY_H 1
| #define HAVE_STRINGS_H 1
| #define HAVE_INTTYPES_H 1
| #define HAVE_STDINT_H 1
| #define HAVE_UNISTD_H 1
| #define __EXTENSIONS__ 1
| #define _ALL_SOURCE 1
| #define _GNU_SOURCE 1
| #define _POSIX_PTHREAD_SEMANTICS 1
| #define _TANDEM_SOURCE 1
| #define HAVE_DLFCN_H 1
| #define LT_OBJDIR ".libs/"
| #define HAVE_SYS_TYPES_H 1
| #define HAVE_SIGNAL_H 1
| #define HAVE_STDDEF_H 1
| #define HAVE_SYS_TIME_H 1
| #define HAVE_LOCALE_H 1
| #define HAVE_FCNTL_H 1
| #define HAVE_DLFCN_H 1
| #define HAVE_SIG_ATOMIC_T 1
| #define COB_KEYWORD_INLINE __inline
| #define HAVE_VPRINTF 1
| #define HAVE_MEMMOVE 1
| #define HAVE_MEMSET 1
| #define HAVE_SETLOCALE 1
| #define HAVE_STRERROR 1
| #define HAVE_STRCASECMP 1
| #define HAVE_STRCHR 1
| #define HAVE_STRRCHR 1
| #define HAVE_STRDUP 1
| #define HAVE_STRSTR 1
| #define HAVE_STRTOL 1
| #define HAVE_GETTIMEOFDAY 1
| #define HAVE_LOCALECONV 1
| #define HAVE_POPEN 1
| #define HAVE_RAISE 1
| #define HAVE_SETENV 1
| #define HAVE_STRCOLL 1
| #define HAVE_TIMEZONE 1
| #define HAVE_DESIGNATED_INITS 1
| #define HAVE_GMP_H 1
| #define HAVE_MP_GET_MEMORY_FUNCTIONS 1
| #define WITH_CJSON 1
| #define HAVE_CJSON_H 1
| #define WITH_JSON "cjson"
| #define WITH_VARSEQ 0
| #define HAVE_NANO_SLEEP 1
| #define HAVE_CLOCK_GETTIME 1
| #define HAVE_ISFINITE 1
| /* end confdefs.h.  */
| /* Define sigaction to an innocuous variant, in case <limits.h> declares sigaction.
|    For example, HP-UX 11i <limits.h> declares gettimeofday.  */
| #define sigaction innocuous_sigaction
| 
| /* System header to define __stub macros and hopefully few prototypes,
|     which can conflict with char sigaction (); below.
|     Prefer <limits.h> to <assert.h> if __STDC__ is defined, since
|     <limits.h> exists even on freestanding compilers.  */
| 
| #ifdef __STDC__
| # include <limits.h>
| #else
| # include <assert.h>
| #endif
| 
| #undef sigaction
| 
| /* Override any GCC internal prototype to avoid an error.
|    Use char because int might match the return type of a GCC
|    builtin and then its argument prototype would still apply.  */
| #ifdef __cplusplus
| extern "C"
| #endif
| char sigaction ();
| /* The GNU C library defines this for functions which it implements
|     to always fail with ENOSYS.  Some functions are actually named
|     something starting with __ and the normal name is an alias.  */
| #if defined __stub_sigaction || defined __stub___sigaction
| choke me
| #endif
| 
| int
| main ()
| {
| return sigaction ();
|   ;
|   return 0;
| }
configure:17282: result: no
configure:17282: checking for fmemopen
configure:17282: gcc -o conftest.exe -O2   conftest.c   -lgmp >&5
c:/mingw/bin/../lib/gcc/mingw32/9.2.0/../../../../mingw32/bin/ld.exe: C:\Users\Arnold\AppData\Local\Temp\ccZ09I8e.o:conftest.c:(.text.startup+0xc): undefined reference to `fmemopen'
collect2.exe: error: ld returned 1 exit status
configure:17282: $? = 1
configure: failed program was:
| /* confdefs.h */
| #define PACKAGE_NAME "GnuCOBOL"
| #define PACKAGE_TARNAME "gnucobol"
| #define PACKAGE_VERSION "3.2"
| #define PACKAGE_STRING "GnuCOBOL 3.2"
| #define PACKAGE_BUGREPORT "bug-gnucobol@gnu.org"
| #define PACKAGE_URL "https://www.gnu.org/software/gnucobol/"
| #define PACKAGE "gnucobol"
| #define COB_TREE_DEBUG 1
| #define PATCH_LEVEL 0
| #define MAX_CALL_FIELD_PARAMS 192
| #define STDC_HEADERS 1
| #define HAVE_SYS_TYPES_H 1
| #define HAVE_SYS_STAT_H 1
| #define HAVE_STDLIB_H 1
| #define HAVE_STRING_H 1
| #define HAVE_MEMORY_H 1
| #define HAVE_STRINGS_H 1
| #define HAVE_INTTYPES_H 1
| #define HAVE_STDINT_H 1
| #define HAVE_UNISTD_H 1
| #define __EXTENSIONS__ 1
| #define _ALL_SOURCE 1
| #define _GNU_SOURCE 1
| #define _POSIX_PTHREAD_SEMANTICS 1
| #define _TANDEM_SOURCE 1
| #define HAVE_DLFCN_H 1
| #define LT_OBJDIR ".libs/"
| #define HAVE_SYS_TYPES_H 1
| #define HAVE_SIGNAL_H 1
| #define HAVE_STDDEF_H 1
| #define HAVE_SYS_TIME_H 1
| #define HAVE_LOCALE_H 1
| #define HAVE_FCNTL_H 1
| #define HAVE_DLFCN_H 1
| #define HAVE_SIG_ATOMIC_T 1
| #define COB_KEYWORD_INLINE __inline
| #define HAVE_VPRINTF 1
| #define HAVE_MEMMOVE 1
| #define HAVE_MEMSET 1
| #define HAVE_SETLOCALE 1
| #define HAVE_STRERROR 1
| #define HAVE_STRCASECMP 1
| #define HAVE_STRCHR 1
| #define HAVE_STRRCHR 1
| #define HAVE_STRDUP 1
| #define HAVE_STRSTR 1
| #define HAVE_STRTOL 1
| #define HAVE_GETTIMEOFDAY 1
| #define HAVE_LOCALECONV 1
| #define HAVE_POPEN 1
| #define HAVE_RAISE 1
| #define HAVE_SETENV 1
| #define HAVE_STRCOLL 1
| #define HAVE_TIMEZONE 1
| #define HAVE_DESIGNATED_INITS 1
| #define HAVE_GMP_H 1
| #define HAVE_MP_GET_MEMORY_FUNCTIONS 1
| #define WITH_CJSON 1
| #define HAVE_CJSON_H 1
| #define WITH_JSON "cjson"
| #define WITH_VARSEQ 0
| #define HAVE_NANO_SLEEP 1
| #define HAVE_CLOCK_GETTIME 1
| #define HAVE_ISFINITE 1
| /* end confdefs.h.  */
| /* Define fmemopen to an innocuous variant, in case <limits.h> declares fmemopen.
|    For example, HP-UX 11i <limits.h> declares gettimeofday.  */
| #define fmemopen innocuous_fmemopen
| 
| /* System header to define __stub macros and hopefully few prototypes,
|     which can conflict with char fmemopen (); below.
|     Prefer <limits.h> to <assert.h> if __STDC__ is defined, since
|     <limits.h> exists even on freestanding compilers.  */
| 
| #ifdef __STDC__
| # include <limits.h>
| #else
| # include <assert.h>
| #endif
| 
| #undef fmemopen
| 
| /* Override any GCC internal prototype to avoid an error.
|    Use char because int might match the return type of a GCC
|    builtin and then its argument prototype would still apply.  */
| #ifdef __cplusplus
| extern "C"
| #endif
| char fmemopen ();
| /* The GNU C library defines this for functions which it implements
|     to always fail with ENOSYS.  Some functions are actually named
|     something starting with __ and the normal name is an alias.  */
| #if defined __stub_fmemopen || defined __stub___fmemopen
| choke me
| #endif
| 
| int
| main ()
| {
| return fmemopen ();
|   ;
|   return 0;
| }
configure:17282: result: no
configure:17291: checking whether fdatasync is declared
configure:17291: gcc -c -O2  conftest.c >&5
conftest.c: In function 'main':
conftest.c:107:10: error: 'fdatasync' undeclared (first use in this function)
  107 |   (void) fdatasync;
      |          ^~~~~~~~~
conftest.c:107:10: note: each undeclared identifier is reported only once for each function it appears in
configure:17291: $? = 1
configure: failed program was:
| /* confdefs.h */
| #define PACKAGE_NAME "GnuCOBOL"
| #define PACKAGE_TARNAME "gnucobol"
| #define PACKAGE_VERSION "3.2"
| #define PACKAGE_STRING "GnuCOBOL 3.2"
| #define PACKAGE_BUGREPORT "bug-gnucobol@gnu.org"
| #define PACKAGE_URL "https://www.gnu.org/software/gnucobol/"
| #define PACKAGE "gnucobol"
| #define COB_TREE_DEBUG 1
| #define PATCH_LEVEL 0
| #define MAX_CALL_FIELD_PARAMS 192
| #define STDC_HEADERS 1
| #define HAVE_SYS_TYPES_H 1
| #define HAVE_SYS_STAT_H 1
| #define HAVE_STDLIB_H 1
| #define HAVE_STRING_H 1
| #define HAVE_MEMORY_H 1
| #define HAVE_STRINGS_H 1
| #define HAVE_INTTYPES_H 1
| #define HAVE_STDINT_H 1
| #define HAVE_UNISTD_H 1
| #define __EXTENSIONS__ 1
| #define _ALL_SOURCE 1
| #define _GNU_SOURCE 1
| #define _POSIX_PTHREAD_SEMANTICS 1
| #define _TANDEM_SOURCE 1
| #define HAVE_DLFCN_H 1
| #define LT_OBJDIR ".libs/"
| #define HAVE_SYS_TYPES_H 1
| #define HAVE_SIGNAL_H 1
| #define HAVE_STDDEF_H 1
| #define HAVE_SYS_TIME_H 1
| #define HAVE_LOCALE_H 1
| #define HAVE_FCNTL_H 1
| #define HAVE_DLFCN_H 1
| #define HAVE_SIG_ATOMIC_T 1
| #define COB_KEYWORD_INLINE __inline
| #define HAVE_VPRINTF 1
| #define HAVE_MEMMOVE 1
| #define HAVE_MEMSET 1
| #define HAVE_SETLOCALE 1
| #define HAVE_STRERROR 1
| #define HAVE_STRCASECMP 1
| #define HAVE_STRCHR 1
| #define HAVE_STRRCHR 1
| #define HAVE_STRDUP 1
| #define HAVE_STRSTR 1
| #define HAVE_STRTOL 1
| #define HAVE_GETTIMEOFDAY 1
| #define HAVE_LOCALECONV 1
| #define HAVE_POPEN 1
| #define HAVE_RAISE 1
| #define HAVE_SETENV 1
| #define HAVE_STRCOLL 1
| #define HAVE_TIMEZONE 1
| #define HAVE_DESIGNATED_INITS 1
| #define HAVE_GMP_H 1
| #define HAVE_MP_GET_MEMORY_FUNCTIONS 1
| #define WITH_CJSON 1
| #define HAVE_CJSON_H 1
| #define WITH_JSON "cjson"
| #define WITH_VARSEQ 0
| #define HAVE_NANO_SLEEP 1
| #define HAVE_CLOCK_GETTIME 1
| #define HAVE_ISFINITE 1
| /* end confdefs.h.  */
| #include <stdio.h>
| #ifdef HAVE_SYS_TYPES_H
| # include <sys/types.h>
| #endif
| #ifdef HAVE_SYS_STAT_H
| # include <sys/stat.h>
| #endif
| #ifdef STDC_HEADERS
| # include <stdlib.h>
| # include <stddef.h>
| #else
| # ifdef HAVE_STDLIB_H
| #  include <stdlib.h>
| # endif
| #endif
| #ifdef HAVE_STRING_H
| # if !defined STDC_HEADERS && defined HAVE_MEMORY_H
| #  include <memory.h>
| # endif
| # include <string.h>
| #endif
| #ifdef HAVE_STRINGS_H
| # include <strings.h>
| #endif
| #ifdef HAVE_INTTYPES_H
| # include <inttypes.h>
| #endif
| #ifdef HAVE_STDINT_H
| # include <stdint.h>
| #endif
| #ifdef HAVE_UNISTD_H
| # include <unistd.h>
| #endif
| int
| main ()
| {
| #ifndef fdatasync
| #ifdef __cplusplus
|   (void) fdatasync;
| #else
|   (void) fdatasync;
| #endif
| #endif
| 
|   ;
|   return 0;
| }
configure:17291: result: no
configure:17302: checking whether fmemopen is declared
configure:17302: gcc -c -O2  conftest.c >&5
conftest.c: In function 'main':
conftest.c:108:10: error: 'fmemopen' undeclared (first use in this function); did you mean 'freopen'?
  108 |   (void) fmemopen;
      |          ^~~~~~~~
      |          freopen
conftest.c:108:10: note: each undeclared identifier is reported only once for each function it appears in
configure:17302: $? = 1
configure: failed program was:
| /* confdefs.h */
| #define PACKAGE_NAME "GnuCOBOL"
| #define PACKAGE_TARNAME "gnucobol"
| #define PACKAGE_VERSION "3.2"
| #define PACKAGE_STRING "GnuCOBOL 3.2"
| #define PACKAGE_BUGREPORT "bug-gnucobol@gnu.org"
| #define PACKAGE_URL "https://www.gnu.org/software/gnucobol/"
| #define PACKAGE "gnucobol"
| #define COB_TREE_DEBUG 1
| #define PATCH_LEVEL 0
| #define MAX_CALL_FIELD_PARAMS 192
| #define STDC_HEADERS 1
| #define HAVE_SYS_TYPES_H 1
| #define HAVE_SYS_STAT_H 1
| #define HAVE_STDLIB_H 1
| #define HAVE_STRING_H 1
| #define HAVE_MEMORY_H 1
| #define HAVE_STRINGS_H 1
| #define HAVE_INTTYPES_H 1
| #define HAVE_STDINT_H 1
| #define HAVE_UNISTD_H 1
| #define __EXTENSIONS__ 1
| #define _ALL_SOURCE 1
| #define _GNU_SOURCE 1
| #define _POSIX_PTHREAD_SEMANTICS 1
| #define _TANDEM_SOURCE 1
| #define HAVE_DLFCN_H 1
| #define LT_OBJDIR ".libs/"
| #define HAVE_SYS_TYPES_H 1
| #define HAVE_SIGNAL_H 1
| #define HAVE_STDDEF_H 1
| #define HAVE_SYS_TIME_H 1
| #define HAVE_LOCALE_H 1
| #define HAVE_FCNTL_H 1
| #define HAVE_DLFCN_H 1
| #define HAVE_SIG_ATOMIC_T 1
| #define COB_KEYWORD_INLINE __inline
| #define HAVE_VPRINTF 1
| #define HAVE_MEMMOVE 1
| #define HAVE_MEMSET 1
| #define HAVE_SETLOCALE 1
| #define HAVE_STRERROR 1
| #define HAVE_STRCASECMP 1
| #define HAVE_STRCHR 1
| #define HAVE_STRRCHR 1
| #define HAVE_STRDUP 1
| #define HAVE_STRSTR 1
| #define HAVE_STRTOL 1
| #define HAVE_GETTIMEOFDAY 1
| #define HAVE_LOCALECONV 1
| #define HAVE_POPEN 1
| #define HAVE_RAISE 1
| #define HAVE_SETENV 1
| #define HAVE_STRCOLL 1
| #define HAVE_TIMEZONE 1
| #define HAVE_DESIGNATED_INITS 1
| #define HAVE_GMP_H 1
| #define HAVE_MP_GET_MEMORY_FUNCTIONS 1
| #define WITH_CJSON 1
| #define HAVE_CJSON_H 1
| #define WITH_JSON "cjson"
| #define WITH_VARSEQ 0
| #define HAVE_NANO_SLEEP 1
| #define HAVE_CLOCK_GETTIME 1
| #define HAVE_ISFINITE 1
| #define HAVE_DECL_FDATASYNC 0
| /* end confdefs.h.  */
| #include <stdio.h>
| #ifdef HAVE_SYS_TYPES_H
| # include <sys/types.h>
| #endif
| #ifdef HAVE_SYS_STAT_H
| # include <sys/stat.h>
| #endif
| #ifdef STDC_HEADERS
| # include <stdlib.h>
| # include <stddef.h>
| #else
| # ifdef HAVE_STDLIB_H
| #  include <stdlib.h>
| # endif
| #endif
| #ifdef HAVE_STRING_H
| # if !defined STDC_HEADERS && defined HAVE_MEMORY_H
| #  include <memory.h>
| # endif
| # include <string.h>
| #endif
| #ifdef HAVE_STRINGS_H
| # include <strings.h>
| #endif
| #ifdef HAVE_INTTYPES_H
| # include <inttypes.h>
| #endif
| #ifdef HAVE_STDINT_H
| # include <stdint.h>
| #endif
| #ifdef HAVE_UNISTD_H
| # include <unistd.h>
| #endif
| int
| main ()
| {
| #ifndef fmemopen
| #ifdef __cplusplus
|   (void) fmemopen;
| #else
|   (void) fmemopen;
| #endif
| #endif
| 
|   ;
|   return 0;
| }
configure:17302: result: no
configure:17326: Checks for curses ...
configure:17392: checking for initscr in -lncursesw
configure:17417: gcc -o conftest.exe -O2   conftest.c -lncursesw    -lgmp >&5
c:/mingw/bin/../lib/gcc/mingw32/9.2.0/../../../../mingw32/bin/ld.exe: cannot find -lncursesw
collect2.exe: error: ld returned 1 exit status
configure:17417: $? = 1
configure: failed program was:
| /* confdefs.h */
| #define PACKAGE_NAME "GnuCOBOL"
| #define PACKAGE_TARNAME "gnucobol"
| #define PACKAGE_VERSION "3.2"
| #define PACKAGE_STRING "GnuCOBOL 3.2"
| #define PACKAGE_BUGREPORT "bug-gnucobol@gnu.org"
| #define PACKAGE_URL "https://www.gnu.org/software/gnucobol/"
| #define PACKAGE "gnucobol"
| #define COB_TREE_DEBUG 1
| #define PATCH_LEVEL 0
| #define MAX_CALL_FIELD_PARAMS 192
| #define STDC_HEADERS 1
| #define HAVE_SYS_TYPES_H 1
| #define HAVE_SYS_STAT_H 1
| #define HAVE_STDLIB_H 1
| #define HAVE_STRING_H 1
| #define HAVE_MEMORY_H 1
| #define HAVE_STRINGS_H 1
| #define HAVE_INTTYPES_H 1
| #define HAVE_STDINT_H 1
| #define HAVE_UNISTD_H 1
| #define __EXTENSIONS__ 1
| #define _ALL_SOURCE 1
| #define _GNU_SOURCE 1
| #define _POSIX_PTHREAD_SEMANTICS 1
| #define _TANDEM_SOURCE 1
| #define HAVE_DLFCN_H 1
| #define LT_OBJDIR ".libs/"
| #define HAVE_SYS_TYPES_H 1
| #define HAVE_SIGNAL_H 1
| #define HAVE_STDDEF_H 1
| #define HAVE_SYS_TIME_H 1
| #define HAVE_LOCALE_H 1
| #define HAVE_FCNTL_H 1
| #define HAVE_DLFCN_H 1
| #define HAVE_SIG_ATOMIC_T 1
| #define COB_KEYWORD_INLINE __inline
| #define HAVE_VPRINTF 1
| #define HAVE_MEMMOVE 1
| #define HAVE_MEMSET 1
| #define HAVE_SETLOCALE 1
| #define HAVE_STRERROR 1
| #define HAVE_STRCASECMP 1
| #define HAVE_STRCHR 1
| #define HAVE_STRRCHR 1
| #define HAVE_STRDUP 1
| #define HAVE_STRSTR 1
| #define HAVE_STRTOL 1
| #define HAVE_GETTIMEOFDAY 1
| #define HAVE_LOCALECONV 1
| #define HAVE_POPEN 1
| #define HAVE_RAISE 1
| #define HAVE_SETENV 1
| #define HAVE_STRCOLL 1
| #define HAVE_TIMEZONE 1
| #define HAVE_DESIGNATED_INITS 1
| #define HAVE_GMP_H 1
| #define HAVE_MP_GET_MEMORY_FUNCTIONS 1
| #define WITH_CJSON 1
| #define HAVE_CJSON_H 1
| #define WITH_JSON "cjson"
| #define WITH_VARSEQ 0
| #define HAVE_NANO_SLEEP 1
| #define HAVE_CLOCK_GETTIME 1
| #define HAVE_ISFINITE 1
| #define HAVE_DECL_FDATASYNC 0
| #define HAVE_DECL_FMEMOPEN 0
| /* end confdefs.h.  */
| 
| /* Override any GCC internal prototype to avoid an error.
|    Use char because int might match the return type of a GCC
|    builtin and then its argument prototype would still apply.  */
| #ifdef __cplusplus
| extern "C"
| #endif
| char initscr ();
| int
| main ()
| {
| return initscr ();
|   ;
|   return 0;
| }
configure:17426: result: no
configure:17464: checking for initscr in -lncurses
configure:17489: gcc -o conftest.exe -O2   conftest.c -lncurses    -lgmp >&5
c:/mingw/bin/../lib/gcc/mingw32/9.2.0/../../../../mingw32/bin/ld.exe: cannot find -lncurses
collect2.exe: error: ld returned 1 exit status
configure:17489: $? = 1
configure: failed program was:
| /* confdefs.h */
| #define PACKAGE_NAME "GnuCOBOL"
| #define PACKAGE_TARNAME "gnucobol"
| #define PACKAGE_VERSION "3.2"
| #define PACKAGE_STRING "GnuCOBOL 3.2"
| #define PACKAGE_BUGREPORT "bug-gnucobol@gnu.org"
| #define PACKAGE_URL "https://www.gnu.org/software/gnucobol/"
| #define PACKAGE "gnucobol"
| #define COB_TREE_DEBUG 1
| #define PATCH_LEVEL 0
| #define MAX_CALL_FIELD_PARAMS 192
| #define STDC_HEADERS 1
| #define HAVE_SYS_TYPES_H 1
| #define HAVE_SYS_STAT_H 1
| #define HAVE_STDLIB_H 1
| #define HAVE_STRING_H 1
| #define HAVE_MEMORY_H 1
| #define HAVE_STRINGS_H 1
| #define HAVE_INTTYPES_H 1
| #define HAVE_STDINT_H 1
| #define HAVE_UNISTD_H 1
| #define __EXTENSIONS__ 1
| #define _ALL_SOURCE 1
| #define _GNU_SOURCE 1
| #define _POSIX_PTHREAD_SEMANTICS 1
| #define _TANDEM_SOURCE 1
| #define HAVE_DLFCN_H 1
| #define LT_OBJDIR ".libs/"
| #define HAVE_SYS_TYPES_H 1
| #define HAVE_SIGNAL_H 1
| #define HAVE_STDDEF_H 1
| #define HAVE_SYS_TIME_H 1
| #define HAVE_LOCALE_H 1
| #define HAVE_FCNTL_H 1
| #define HAVE_DLFCN_H 1
| #define HAVE_SIG_ATOMIC_T 1
| #define COB_KEYWORD_INLINE __inline
| #define HAVE_VPRINTF 1
| #define HAVE_MEMMOVE 1
| #define HAVE_MEMSET 1
| #define HAVE_SETLOCALE 1
| #define HAVE_STRERROR 1
| #define HAVE_STRCASECMP 1
| #define HAVE_STRCHR 1
| #define HAVE_STRRCHR 1
| #define HAVE_STRDUP 1
| #define HAVE_STRSTR 1
| #define HAVE_STRTOL 1
| #define HAVE_GETTIMEOFDAY 1
| #define HAVE_LOCALECONV 1
| #define HAVE_POPEN 1
| #define HAVE_RAISE 1
| #define HAVE_SETENV 1
| #define HAVE_STRCOLL 1
| #define HAVE_TIMEZONE 1
| #define HAVE_DESIGNATED_INITS 1
| #define HAVE_GMP_H 1
| #define HAVE_MP_GET_MEMORY_FUNCTIONS 1
| #define WITH_CJSON 1
| #define HAVE_CJSON_H 1
| #define WITH_JSON "cjson"
| #define WITH_VARSEQ 0
| #define HAVE_NANO_SLEEP 1
| #define HAVE_CLOCK_GETTIME 1
| #define HAVE_ISFINITE 1
| #define HAVE_DECL_FDATASYNC 0
| #define HAVE_DECL_FMEMOPEN 0
| /* end confdefs.h.  */
| 
| /* Override any GCC internal prototype to avoid an error.
|    Use char because int might match the return type of a GCC
|    builtin and then its argument prototype would still apply.  */
| #ifdef __cplusplus
| extern "C"
| #endif
| char initscr ();
| int
| main ()
| {
| return initscr ();
|   ;
|   return 0;
| }
configure:17498: result: no
configure:17536: checking for initscr in -lpdcurses
configure:17561: gcc -o conftest.exe -O2   conftest.c -lpdcurses    -lgmp >&5
configure:17561: $? = 0
configure:17570: result: yes
configure:17586: checking pdcurses.h usability
configure:17586: gcc -c -O2  conftest.c >&5
configure:17586: $? = 0
configure:17586: result: yes
configure:17586: checking pdcurses.h presence
configure:17586: gcc -E  conftest.c
configure:17586: $? = 0
configure:17586: result: yes
configure:17586: checking for pdcurses.h
configure:17586: result: yes
configure:17832: checking for curses color_set function
configure:17860: gcc -o conftest.exe -O2   conftest.c   -lgmp -lpdcurses >&5
configure:17860: $? = 0
configure:17862: result: yes
configure:17871: checking for curses resize_term function
configure:17899: gcc -o conftest.exe -O2   conftest.c   -lgmp -lpdcurses >&5
configure:17899: $? = 0
configure:17901: result: yes
configure:17910: checking for curses define_key function
configure:17938: gcc -o conftest.exe -O2   conftest.c   -lgmp -lpdcurses >&5
conftest.c: In function 'main':
conftest.c:91:2: warning: implicit declaration of function 'define_key' [-Wimplicit-function-declaration]
   91 |  define_key ("\E-3;3~", (KEY_MAX + 1));
      |  ^~~~~~~~~~
c:/mingw/bin/../lib/gcc/mingw32/9.2.0/../../../../mingw32/bin/ld.exe: C:\Users\Arnold\AppData\Local\Temp\ccyPLmTY.o:conftest.c:(.text.startup+0x1e): undefined reference to `define_key'
collect2.exe: error: ld returned 1 exit status
configure:17938: $? = 1
configure: failed program was:
| /* confdefs.h */
| #define PACKAGE_NAME "GnuCOBOL"
| #define PACKAGE_TARNAME "gnucobol"
| #define PACKAGE_VERSION "3.2"
| #define PACKAGE_STRING "GnuCOBOL 3.2"
| #define PACKAGE_BUGREPORT "bug-gnucobol@gnu.org"
| #define PACKAGE_URL "https://www.gnu.org/software/gnucobol/"
| #define PACKAGE "gnucobol"
| #define COB_TREE_DEBUG 1
| #define PATCH_LEVEL 0
| #define MAX_CALL_FIELD_PARAMS 192
| #define STDC_HEADERS 1
| #define HAVE_SYS_TYPES_H 1
| #define HAVE_SYS_STAT_H 1
| #define HAVE_STDLIB_H 1
| #define HAVE_STRING_H 1
| #define HAVE_MEMORY_H 1
| #define HAVE_STRINGS_H 1
| #define HAVE_INTTYPES_H 1
| #define HAVE_STDINT_H 1
| #define HAVE_UNISTD_H 1
| #define __EXTENSIONS__ 1
| #define _ALL_SOURCE 1
| #define _GNU_SOURCE 1
| #define _POSIX_PTHREAD_SEMANTICS 1
| #define _TANDEM_SOURCE 1
| #define HAVE_DLFCN_H 1
| #define LT_OBJDIR ".libs/"
| #define HAVE_SYS_TYPES_H 1
| #define HAVE_SIGNAL_H 1
| #define HAVE_STDDEF_H 1
| #define HAVE_SYS_TIME_H 1
| #define HAVE_LOCALE_H 1
| #define HAVE_FCNTL_H 1
| #define HAVE_DLFCN_H 1
| #define HAVE_SIG_ATOMIC_T 1
| #define COB_KEYWORD_INLINE __inline
| #define HAVE_VPRINTF 1
| #define HAVE_MEMMOVE 1
| #define HAVE_MEMSET 1
| #define HAVE_SETLOCALE 1
| #define HAVE_STRERROR 1
| #define HAVE_STRCASECMP 1
| #define HAVE_STRCHR 1
| #define HAVE_STRRCHR 1
| #define HAVE_STRDUP 1
| #define HAVE_STRSTR 1
| #define HAVE_STRTOL 1
| #define HAVE_GETTIMEOFDAY 1
| #define HAVE_LOCALECONV 1
| #define HAVE_POPEN 1
| #define HAVE_RAISE 1
| #define HAVE_SETENV 1
| #define HAVE_STRCOLL 1
| #define HAVE_TIMEZONE 1
| #define HAVE_DESIGNATED_INITS 1
| #define HAVE_GMP_H 1
| #define HAVE_MP_GET_MEMORY_FUNCTIONS 1
| #define WITH_CJSON 1
| #define HAVE_CJSON_H 1
| #define WITH_JSON "cjson"
| #define WITH_VARSEQ 0
| #define HAVE_NANO_SLEEP 1
| #define HAVE_CLOCK_GETTIME 1
| #define HAVE_ISFINITE 1
| #define HAVE_DECL_FDATASYNC 0
| #define HAVE_DECL_FMEMOPEN 0
| #define HAVE_PDCURSES_H 1
| #define WITH_CURSES "pdcurses"
| #define HAVE_COLOR_SET 1
| #define HAVE_RESIZE_TERM 1
| /* end confdefs.h.  */
| 
| 	#ifdef HAVE_NCURSESW_NCURSES_H
| 	#include <ncursesw/ncurses.h>
| 	#elif defined (HAVE_NCURSESW_CURSES_H)
| 	#include <ncursesw/curses.h>
| 	#elif defined (HAVE_NCURSES_H)
| 	#include <ncurses.h>
| 	#elif defined (HAVE_NCURSES_NCURSES_H)
| 	#include <ncurses/ncurses.h>
| 	#elif defined (HAVE_PDCURSES_H)
| 	#include <pdcurses.h>
| 	#elif defined (HAVE_CURSES_H)
| 	#include <curses.h>
| 	#endif
| int
| main ()
| {
| 
| 	define_key ("\E-3;3~", (KEY_MAX + 1));
| 
|   ;
|   return 0;
| }
configure:17943: result: no
configure:17949: checking for curses mouseinterval function
configure:17977: gcc -o conftest.exe -O2   conftest.c   -lgmp -lpdcurses >&5
configure:17977: $? = 0
configure:17979: result: yes
configure:17988: checking for curses has_mouse function
configure:18016: gcc -o conftest.exe -O2   conftest.c   -lgmp -lpdcurses >&5
configure:18016: $? = 0
configure:18018: result: yes
configure:18027: checking for curses mousemask function and mmask_t
configure:18056: gcc -o conftest.exe -O2   conftest.c   -lgmp -lpdcurses >&5
configure:18056: $? = 0
configure:18058: result: yes
configure:18331: Checks for Berkeley DB ...
configure:18340: checking db.h usability
configure:18340: gcc -c -O2  conftest.c >&5
configure:18340: $? = 0
configure:18340: result: yes
configure:18340: checking db.h presence
configure:18340: gcc -E  conftest.c
configure:18340: $? = 0
configure:18340: result: yes
configure:18340: checking for db.h
configure:18340: result: yes
configure:18378: gcc -o conftest.exe -O2   conftest.c   -lgmp -lpdcurses >&5
configure:18378: $? = 0
configure:18378: ./conftest.exe
configure:18378: $? = 0
configure:18392: db.h reports version "-Berkeley DB 18.1.40: (May 29, 2020)-"
configure:18396: checking for Berkeley DB db.h version >= 4.1
configure:18400: result: yes (18.1)
configure:18454: checking for Berkeley DB library with version 18.1
configure:18488: gcc -o conftest.exe -O2   conftest.c   -lgmp -lpdcurses -ldb-18.1 >&5
configure:18488: $? = 0
configure:18488: ./conftest.exe
configure:18488: $? = 0
configure:18504: result: yes
configure:18510: BDB library version 18.1 found as -ldb-18.1
configure:18578: checking for _WIN32
configure:18587: gcc -c -O2  conftest.c >&5
configure:18587: $? = 0
configure:18589: result: yes
configure:18800: checking for support of computed gotos
configure:18817: gcc -c -O2 -Wall -Werror  conftest.c >&5
configure:18817: $? = 0
configure:18820: result: yes
configure:18829: Checks for different sizes ...
configure:18836: checking size of long int
configure:18841: gcc -o conftest.exe -O2 -Wall -Werror   conftest.c   -lgmp -lpdcurses >&5
configure:18841: $? = 0
configure:18841: ./conftest.exe
configure:18841: $? = 0
configure:18855: result: 4
configure:18869: checking size of long long
configure:18874: gcc -o conftest.exe -O2 -Wall -Werror   conftest.c   -lgmp -lpdcurses >&5
configure:18874: $? = 0
configure:18874: ./conftest.exe
configure:18874: $? = 0
configure:18888: result: 8
configure:18902: checking size of long
configure:18907: gcc -o conftest.exe -O2 -Wall -Werror   conftest.c   -lgmp -lpdcurses >&5
configure:18907: $? = 0
configure:18907: ./conftest.exe
configure:18907: $? = 0
configure:18921: result: 4
configure:18935: checking size of void *
configure:18940: gcc -o conftest.exe -O2 -Wall -Werror   conftest.c   -lgmp -lpdcurses >&5
configure:18940: $? = 0
configure:18940: ./conftest.exe
configure:18940: $? = 0
configure:18954: result: 4
configure:18965: checking whether size of long int = size of long long
configure:18972: result: no
configure:18976: checking whether long is 32 bits
configure:18980: result: yes
configure:18987: checking whether pointer is longer than 32 bits
configure:18996: result: no
configure:19005: checking for aligned attribute
configure:19023: gcc -c -O2 -Wall -Werror  conftest.c >&5
configure:19023: $? = 0
configure:19029: result: yes
configure:19039: checking for pure attribute
configure:19058: gcc -c -O2 -Wall -Werror  conftest.c >&5
configure:19058: $? = 0
configure:19064: result: yes
configure:19074: checking for constructor attribute
configure:19093: gcc -c -O2 -Wall -Werror  conftest.c >&5
configure:19093: $? = 0
configure:19099: result: yes
configure:19112: checking whether NLS is requested
configure:19121: result: yes
configure:19161: checking for msgfmt
configure: trying /mingw/bin/msgfmt...
0 translated messages.
configure:19193: result: /mingw/bin/msgfmt
configure:19202: checking for gmsgfmt
configure:19233: result: /mingw/bin/msgfmt
configure:19278: checking for xgettext
configure: trying /mingw/bin/xgettext...
C:\MinGW\bin\xgettext.exe: warning: file 'nul' extension '' is unknown; will try C
configure:19310: result: /mingw/bin/xgettext
configure:19355: checking for msgmerge
configure: trying /mingw/bin/msgmerge...
configure:19386: result: /mingw/bin/msgmerge
configure:19979: checking for CFPreferencesCopyAppValue
configure:20006: result: no
configure:20013: checking for CFLocaleCopyPreferredLanguages
configure:20031: gcc -o conftest.exe -O2   conftest.c   -lgmp -lpdcurses -Wl,-framework -Wl,CoreFoundation >&5
conftest.c:87:10: fatal error: CoreFoundation/CFLocale.h: No such file or directory
   87 | #include <CoreFoundation/CFLocale.h>
      |          ^~~~~~~~~~~~~~~~~~~~~~~~~~~
compilation terminated.
configure:20031: $? = 1
configure: failed program was:
| /* confdefs.h */
| #define PACKAGE_NAME "GnuCOBOL"
| #define PACKAGE_TARNAME "gnucobol"
| #define PACKAGE_VERSION "3.2"
| #define PACKAGE_STRING "GnuCOBOL 3.2"
| #define PACKAGE_BUGREPORT "bug-gnucobol@gnu.org"
| #define PACKAGE_URL "https://www.gnu.org/software/gnucobol/"
| #define PACKAGE "gnucobol"
| #define COB_TREE_DEBUG 1
| #define PATCH_LEVEL 0
| #define MAX_CALL_FIELD_PARAMS 192
| #define STDC_HEADERS 1
| #define HAVE_SYS_TYPES_H 1
| #define HAVE_SYS_STAT_H 1
| #define HAVE_STDLIB_H 1
| #define HAVE_STRING_H 1
| #define HAVE_MEMORY_H 1
| #define HAVE_STRINGS_H 1
| #define HAVE_INTTYPES_H 1
| #define HAVE_STDINT_H 1
| #define HAVE_UNISTD_H 1
| #define __EXTENSIONS__ 1
| #define _ALL_SOURCE 1
| #define _GNU_SOURCE 1
| #define _POSIX_PTHREAD_SEMANTICS 1
| #define _TANDEM_SOURCE 1
| #define HAVE_DLFCN_H 1
| #define LT_OBJDIR ".libs/"
| #define HAVE_SYS_TYPES_H 1
| #define HAVE_SIGNAL_H 1
| #define HAVE_STDDEF_H 1
| #define HAVE_SYS_TIME_H 1
| #define HAVE_LOCALE_H 1
| #define HAVE_FCNTL_H 1
| #define HAVE_DLFCN_H 1
| #define HAVE_SIG_ATOMIC_T 1
| #define COB_KEYWORD_INLINE __inline
| #define HAVE_VPRINTF 1
| #define HAVE_MEMMOVE 1
| #define HAVE_MEMSET 1
| #define HAVE_SETLOCALE 1
| #define HAVE_STRERROR 1
| #define HAVE_STRCASECMP 1
| #define HAVE_STRCHR 1
| #define HAVE_STRRCHR 1
| #define HAVE_STRDUP 1
| #define HAVE_STRSTR 1
| #define HAVE_STRTOL 1
| #define HAVE_GETTIMEOFDAY 1
| #define HAVE_LOCALECONV 1
| #define HAVE_POPEN 1
| #define HAVE_RAISE 1
| #define HAVE_SETENV 1
| #define HAVE_STRCOLL 1
| #define HAVE_TIMEZONE 1
| #define HAVE_DESIGNATED_INITS 1
| #define HAVE_GMP_H 1
| #define HAVE_MP_GET_MEMORY_FUNCTIONS 1
| #define WITH_CJSON 1
| #define HAVE_CJSON_H 1
| #define WITH_JSON "cjson"
| #define WITH_VARSEQ 0
| #define HAVE_NANO_SLEEP 1
| #define HAVE_CLOCK_GETTIME 1
| #define HAVE_ISFINITE 1
| #define HAVE_DECL_FDATASYNC 0
| #define HAVE_DECL_FMEMOPEN 0
| #define HAVE_PDCURSES_H 1
| #define WITH_CURSES "pdcurses"
| #define HAVE_COLOR_SET 1
| #define HAVE_RESIZE_TERM 1
| #define HAVE_MOUSEINTERVAL 1
| #define HAVE_HAS_MOUSE 1
| #define HAVE_MOUSEMASK 1
| #define HAVE_DB_H 1
| #define WITH_DB 1
| #define COB_COMPUTED_GOTO 1
| #define SIZEOF_LONG_INT 4
| #define SIZEOF_LONG_LONG 8
| #define SIZEOF_LONG 4
| #define SIZEOF_VOID_P 4
| #define COB_32_BIT_LONG 1
| #define HAVE_ATTRIBUTE_ALIGNED 1
| #define HAVE_ATTRIBUTE_PURE 1
| #define HAVE_ATTRIBUTE_CONSTRUCTOR 1
| /* end confdefs.h.  */
| #include <CoreFoundation/CFLocale.h>
| int
| main ()
| {
| CFLocaleCopyPreferredLanguages();
|   ;
|   return 0;
| }
configure:20040: result: no
configure:20090: checking for GNU gettext in libc
configure:20119: gcc -o conftest.exe -O2   conftest.c   -lgmp -lpdcurses >&5
c:/mingw/bin/../lib/gcc/mingw32/9.2.0/../../../../mingw32/bin/ld.exe: C:\Users\Arnold\AppData\Local\Temp\cc2Z4anP.o:conftest.c:(.text.startup+0x1e): undefined reference to `libintl_bindtextdomain'
c:/mingw/bin/../lib/gcc/mingw32/9.2.0/../../../../mingw32/bin/ld.exe: C:\Users\Arnold\AppData\Local\Temp\cc2Z4anP.o:conftest.c:(.text.startup+0x2a): undefined reference to `libintl_gettext'
collect2.exe: error: ld returned 1 exit status
configure:20119: $? = 1
configure: failed program was:
| /* confdefs.h */
| #define PACKAGE_NAME "GnuCOBOL"
| #define PACKAGE_TARNAME "gnucobol"
| #define PACKAGE_VERSION "3.2"
| #define PACKAGE_STRING "GnuCOBOL 3.2"
| #define PACKAGE_BUGREPORT "bug-gnucobol@gnu.org"
| #define PACKAGE_URL "https://www.gnu.org/software/gnucobol/"
| #define PACKAGE "gnucobol"
| #define COB_TREE_DEBUG 1
| #define PATCH_LEVEL 0
| #define MAX_CALL_FIELD_PARAMS 192
| #define STDC_HEADERS 1
| #define HAVE_SYS_TYPES_H 1
| #define HAVE_SYS_STAT_H 1
| #define HAVE_STDLIB_H 1
| #define HAVE_STRING_H 1
| #define HAVE_MEMORY_H 1
| #define HAVE_STRINGS_H 1
| #define HAVE_INTTYPES_H 1
| #define HAVE_STDINT_H 1
| #define HAVE_UNISTD_H 1
| #define __EXTENSIONS__ 1
| #define _ALL_SOURCE 1
| #define _GNU_SOURCE 1
| #define _POSIX_PTHREAD_SEMANTICS 1
| #define _TANDEM_SOURCE 1
| #define HAVE_DLFCN_H 1
| #define LT_OBJDIR ".libs/"
| #define HAVE_SYS_TYPES_H 1
| #define HAVE_SIGNAL_H 1
| #define HAVE_STDDEF_H 1
| #define HAVE_SYS_TIME_H 1
| #define HAVE_LOCALE_H 1
| #define HAVE_FCNTL_H 1
| #define HAVE_DLFCN_H 1
| #define HAVE_SIG_ATOMIC_T 1
| #define COB_KEYWORD_INLINE __inline
| #define HAVE_VPRINTF 1
| #define HAVE_MEMMOVE 1
| #define HAVE_MEMSET 1
| #define HAVE_SETLOCALE 1
| #define HAVE_STRERROR 1
| #define HAVE_STRCASECMP 1
| #define HAVE_STRCHR 1
| #define HAVE_STRRCHR 1
| #define HAVE_STRDUP 1
| #define HAVE_STRSTR 1
| #define HAVE_STRTOL 1
| #define HAVE_GETTIMEOFDAY 1
| #define HAVE_LOCALECONV 1
| #define HAVE_POPEN 1
| #define HAVE_RAISE 1
| #define HAVE_SETENV 1
| #define HAVE_STRCOLL 1
| #define HAVE_TIMEZONE 1
| #define HAVE_DESIGNATED_INITS 1
| #define HAVE_GMP_H 1
| #define HAVE_MP_GET_MEMORY_FUNCTIONS 1
| #define WITH_CJSON 1
| #define HAVE_CJSON_H 1
| #define WITH_JSON "cjson"
| #define WITH_VARSEQ 0
| #define HAVE_NANO_SLEEP 1
| #define HAVE_CLOCK_GETTIME 1
| #define HAVE_ISFINITE 1
| #define HAVE_DECL_FDATASYNC 0
| #define HAVE_DECL_FMEMOPEN 0
| #define HAVE_PDCURSES_H 1
| #define WITH_CURSES "pdcurses"
| #define HAVE_COLOR_SET 1
| #define HAVE_RESIZE_TERM 1
| #define HAVE_MOUSEINTERVAL 1
| #define HAVE_HAS_MOUSE 1
| #define HAVE_MOUSEMASK 1
| #define HAVE_DB_H 1
| #define WITH_DB 1
| #define COB_COMPUTED_GOTO 1
| #define SIZEOF_LONG_INT 4
| #define SIZEOF_LONG_LONG 8
| #define SIZEOF_LONG 4
| #define SIZEOF_VOID_P 4
| #define COB_32_BIT_LONG 1
| #define HAVE_ATTRIBUTE_ALIGNED 1
| #define HAVE_ATTRIBUTE_PURE 1
| #define HAVE_ATTRIBUTE_CONSTRUCTOR 1
| /* end confdefs.h.  */
| 
| #include <libintl.h>
| #ifndef __GNU_GETTEXT_SUPPORTED_REVISION
| extern int _nl_msg_cat_cntr;
| extern int *_nl_domain_bindings;
| #define __GNU_GETTEXT_SYMBOL_EXPRESSION (_nl_msg_cat_cntr + *_nl_domain_bindings)
| #else
| #define __GNU_GETTEXT_SYMBOL_EXPRESSION 0
| #endif
| 
| 
| int
| main ()
| {
| 
| bindtextdomain ("", "");
| return * gettext ("") + __GNU_GETTEXT_SYMBOL_EXPRESSION
| 
|   ;
|   return 0;
| }
configure:20128: result: no
configure:20162: checking for iconv
configure:20186: gcc -o conftest.exe -O2   conftest.c   -lgmp -lpdcurses >&5
conftest.c:89:10: fatal error: iconv.h: No such file or directory
   89 | #include <iconv.h>
      |          ^~~~~~~~~
compilation terminated.
configure:20186: $? = 1
configure: failed program was:
| /* confdefs.h */
| #define PACKAGE_NAME "GnuCOBOL"
| #define PACKAGE_TARNAME "gnucobol"
| #define PACKAGE_VERSION "3.2"
| #define PACKAGE_STRING "GnuCOBOL 3.2"
| #define PACKAGE_BUGREPORT "bug-gnucobol@gnu.org"
| #define PACKAGE_URL "https://www.gnu.org/software/gnucobol/"
| #define PACKAGE "gnucobol"
| #define COB_TREE_DEBUG 1
| #define PATCH_LEVEL 0
| #define MAX_CALL_FIELD_PARAMS 192
| #define STDC_HEADERS 1
| #define HAVE_SYS_TYPES_H 1
| #define HAVE_SYS_STAT_H 1
| #define HAVE_STDLIB_H 1
| #define HAVE_STRING_H 1
| #define HAVE_MEMORY_H 1
| #define HAVE_STRINGS_H 1
| #define HAVE_INTTYPES_H 1
| #define HAVE_STDINT_H 1
| #define HAVE_UNISTD_H 1
| #define __EXTENSIONS__ 1
| #define _ALL_SOURCE 1
| #define _GNU_SOURCE 1
| #define _POSIX_PTHREAD_SEMANTICS 1
| #define _TANDEM_SOURCE 1
| #define HAVE_DLFCN_H 1
| #define LT_OBJDIR ".libs/"
| #define HAVE_SYS_TYPES_H 1
| #define HAVE_SIGNAL_H 1
| #define HAVE_STDDEF_H 1
| #define HAVE_SYS_TIME_H 1
| #define HAVE_LOCALE_H 1
| #define HAVE_FCNTL_H 1
| #define HAVE_DLFCN_H 1
| #define HAVE_SIG_ATOMIC_T 1
| #define COB_KEYWORD_INLINE __inline
| #define HAVE_VPRINTF 1
| #define HAVE_MEMMOVE 1
| #define HAVE_MEMSET 1
| #define HAVE_SETLOCALE 1
| #define HAVE_STRERROR 1
| #define HAVE_STRCASECMP 1
| #define HAVE_STRCHR 1
| #define HAVE_STRRCHR 1
| #define HAVE_STRDUP 1
| #define HAVE_STRSTR 1
| #define HAVE_STRTOL 1
| #define HAVE_GETTIMEOFDAY 1
| #define HAVE_LOCALECONV 1
| #define HAVE_POPEN 1
| #define HAVE_RAISE 1
| #define HAVE_SETENV 1
| #define HAVE_STRCOLL 1
| #define HAVE_TIMEZONE 1
| #define HAVE_DESIGNATED_INITS 1
| #define HAVE_GMP_H 1
| #define HAVE_MP_GET_MEMORY_FUNCTIONS 1
| #define WITH_CJSON 1
| #define HAVE_CJSON_H 1
| #define WITH_JSON "cjson"
| #define WITH_VARSEQ 0
| #define HAVE_NANO_SLEEP 1
| #define HAVE_CLOCK_GETTIME 1
| #define HAVE_ISFINITE 1
| #define HAVE_DECL_FDATASYNC 0
| #define HAVE_DECL_FMEMOPEN 0
| #define HAVE_PDCURSES_H 1
| #define WITH_CURSES "pdcurses"
| #define HAVE_COLOR_SET 1
| #define HAVE_RESIZE_TERM 1
| #define HAVE_MOUSEINTERVAL 1
| #define HAVE_HAS_MOUSE 1
| #define HAVE_MOUSEMASK 1
| #define HAVE_DB_H 1
| #define WITH_DB 1
| #define COB_COMPUTED_GOTO 1
| #define SIZEOF_LONG_INT 4
| #define SIZEOF_LONG_LONG 8
| #define SIZEOF_LONG 4
| #define SIZEOF_VOID_P 4
| #define COB_32_BIT_LONG 1
| #define HAVE_ATTRIBUTE_ALIGNED 1
| #define HAVE_ATTRIBUTE_PURE 1
| #define HAVE_ATTRIBUTE_CONSTRUCTOR 1
| /* end confdefs.h.  */
| 
| #include <stdlib.h>
| #include <iconv.h>
| 
| int
| main ()
| {
| iconv_t cd = iconv_open("","");
|            iconv(cd,NULL,NULL,NULL,NULL);
|            iconv_close(cd);
|   ;
|   return 0;
| }
configure:20210: gcc -o conftest.exe -O2   conftest.c   -lgmp -lpdcurses -liconv >&5
conftest.c:89:10: fatal error: iconv.h: No such file or directory
   89 | #include <iconv.h>
      |          ^~~~~~~~~
compilation terminated.
configure:20210: $? = 1
configure: failed program was:
| /* confdefs.h */
| #define PACKAGE_NAME "GnuCOBOL"
| #define PACKAGE_TARNAME "gnucobol"
| #define PACKAGE_VERSION "3.2"
| #define PACKAGE_STRING "GnuCOBOL 3.2"
| #define PACKAGE_BUGREPORT "bug-gnucobol@gnu.org"
| #define PACKAGE_URL "https://www.gnu.org/software/gnucobol/"
| #define PACKAGE "gnucobol"
| #define COB_TREE_DEBUG 1
| #define PATCH_LEVEL 0
| #define MAX_CALL_FIELD_PARAMS 192
| #define STDC_HEADERS 1
| #define HAVE_SYS_TYPES_H 1
| #define HAVE_SYS_STAT_H 1
| #define HAVE_STDLIB_H 1
| #define HAVE_STRING_H 1
| #define HAVE_MEMORY_H 1
| #define HAVE_STRINGS_H 1
| #define HAVE_INTTYPES_H 1
| #define HAVE_STDINT_H 1
| #define HAVE_UNISTD_H 1
| #define __EXTENSIONS__ 1
| #define _ALL_SOURCE 1
| #define _GNU_SOURCE 1
| #define _POSIX_PTHREAD_SEMANTICS 1
| #define _TANDEM_SOURCE 1
| #define HAVE_DLFCN_H 1
| #define LT_OBJDIR ".libs/"
| #define HAVE_SYS_TYPES_H 1
| #define HAVE_SIGNAL_H 1
| #define HAVE_STDDEF_H 1
| #define HAVE_SYS_TIME_H 1
| #define HAVE_LOCALE_H 1
| #define HAVE_FCNTL_H 1
| #define HAVE_DLFCN_H 1
| #define HAVE_SIG_ATOMIC_T 1
| #define COB_KEYWORD_INLINE __inline
| #define HAVE_VPRINTF 1
| #define HAVE_MEMMOVE 1
| #define HAVE_MEMSET 1
| #define HAVE_SETLOCALE 1
| #define HAVE_STRERROR 1
| #define HAVE_STRCASECMP 1
| #define HAVE_STRCHR 1
| #define HAVE_STRRCHR 1
| #define HAVE_STRDUP 1
| #define HAVE_STRSTR 1
| #define HAVE_STRTOL 1
| #define HAVE_GETTIMEOFDAY 1
| #define HAVE_LOCALECONV 1
| #define HAVE_POPEN 1
| #define HAVE_RAISE 1
| #define HAVE_SETENV 1
| #define HAVE_STRCOLL 1
| #define HAVE_TIMEZONE 1
| #define HAVE_DESIGNATED_INITS 1
| #define HAVE_GMP_H 1
| #define HAVE_MP_GET_MEMORY_FUNCTIONS 1
| #define WITH_CJSON 1
| #define HAVE_CJSON_H 1
| #define WITH_JSON "cjson"
| #define WITH_VARSEQ 0
| #define HAVE_NANO_SLEEP 1
| #define HAVE_CLOCK_GETTIME 1
| #define HAVE_ISFINITE 1
| #define HAVE_DECL_FDATASYNC 0
| #define HAVE_DECL_FMEMOPEN 0
| #define HAVE_PDCURSES_H 1
| #define WITH_CURSES "pdcurses"
| #define HAVE_COLOR_SET 1
| #define HAVE_RESIZE_TERM 1
| #define HAVE_MOUSEINTERVAL 1
| #define HAVE_HAS_MOUSE 1
| #define HAVE_MOUSEMASK 1
| #define HAVE_DB_H 1
| #define WITH_DB 1
| #define COB_COMPUTED_GOTO 1
| #define SIZEOF_LONG_INT 4
| #define SIZEOF_LONG_LONG 8
| #define SIZEOF_LONG 4
| #define SIZEOF_VOID_P 4
| #define COB_32_BIT_LONG 1
| #define HAVE_ATTRIBUTE_ALIGNED 1
| #define HAVE_ATTRIBUTE_PURE 1
| #define HAVE_ATTRIBUTE_CONSTRUCTOR 1
| /* end confdefs.h.  */
| 
| #include <stdlib.h>
| #include <iconv.h>
| 
| int
| main ()
| {
| iconv_t cd = iconv_open("","");
|              iconv(cd,NULL,NULL,NULL,NULL);
|              iconv_close(cd);
|   ;
|   return 0;
| }
configure:20220: result: no, consider installing GNU libiconv
configure:20865: checking for GNU gettext in libintl
configure:20902: gcc -o conftest.exe -O2  -I/mingw/include  conftest.c   -lgmp -lpdcurses /mingw/lib/libintl.dll.a >&5
configure:20902: $? = 0
configure:20952: result: yes
configure:20987: checking whether to use NLS
configure:20989: result: yes
configure:20992: checking where the gettext function comes from
configure:21003: result: external libintl
configure:21011: checking how to link with libintl
configure:21013: result: /mingw/lib/libintl.dll.a
configure:21072: checking for nl_langinfo and CODESET
configure:21088: gcc -o conftest.exe -O2 -I/mingw/include  conftest.c   -lgmp -lpdcurses >&5
conftest.c:90:10: fatal error: langinfo.h: No such file or directory
   90 | #include <langinfo.h>
      |          ^~~~~~~~~~~~
compilation terminated.
configure:21088: $? = 1
configure: failed program was:
| /* confdefs.h */
| #define PACKAGE_NAME "GnuCOBOL"
| #define PACKAGE_TARNAME "gnucobol"
| #define PACKAGE_VERSION "3.2"
| #define PACKAGE_STRING "GnuCOBOL 3.2"
| #define PACKAGE_BUGREPORT "bug-gnucobol@gnu.org"
| #define PACKAGE_URL "https://www.gnu.org/software/gnucobol/"
| #define PACKAGE "gnucobol"
| #define COB_TREE_DEBUG 1
| #define PATCH_LEVEL 0
| #define MAX_CALL_FIELD_PARAMS 192
| #define STDC_HEADERS 1
| #define HAVE_SYS_TYPES_H 1
| #define HAVE_SYS_STAT_H 1
| #define HAVE_STDLIB_H 1
| #define HAVE_STRING_H 1
| #define HAVE_MEMORY_H 1
| #define HAVE_STRINGS_H 1
| #define HAVE_INTTYPES_H 1
| #define HAVE_STDINT_H 1
| #define HAVE_UNISTD_H 1
| #define __EXTENSIONS__ 1
| #define _ALL_SOURCE 1
| #define _GNU_SOURCE 1
| #define _POSIX_PTHREAD_SEMANTICS 1
| #define _TANDEM_SOURCE 1
| #define HAVE_DLFCN_H 1
| #define LT_OBJDIR ".libs/"
| #define HAVE_SYS_TYPES_H 1
| #define HAVE_SIGNAL_H 1
| #define HAVE_STDDEF_H 1
| #define HAVE_SYS_TIME_H 1
| #define HAVE_LOCALE_H 1
| #define HAVE_FCNTL_H 1
| #define HAVE_DLFCN_H 1
| #define HAVE_SIG_ATOMIC_T 1
| #define COB_KEYWORD_INLINE __inline
| #define HAVE_VPRINTF 1
| #define HAVE_MEMMOVE 1
| #define HAVE_MEMSET 1
| #define HAVE_SETLOCALE 1
| #define HAVE_STRERROR 1
| #define HAVE_STRCASECMP 1
| #define HAVE_STRCHR 1
| #define HAVE_STRRCHR 1
| #define HAVE_STRDUP 1
| #define HAVE_STRSTR 1
| #define HAVE_STRTOL 1
| #define HAVE_GETTIMEOFDAY 1
| #define HAVE_LOCALECONV 1
| #define HAVE_POPEN 1
| #define HAVE_RAISE 1
| #define HAVE_SETENV 1
| #define HAVE_STRCOLL 1
| #define HAVE_TIMEZONE 1
| #define HAVE_DESIGNATED_INITS 1
| #define HAVE_GMP_H 1
| #define HAVE_MP_GET_MEMORY_FUNCTIONS 1
| #define WITH_CJSON 1
| #define HAVE_CJSON_H 1
| #define WITH_JSON "cjson"
| #define WITH_VARSEQ 0
| #define HAVE_NANO_SLEEP 1
| #define HAVE_CLOCK_GETTIME 1
| #define HAVE_ISFINITE 1
| #define HAVE_DECL_FDATASYNC 0
| #define HAVE_DECL_FMEMOPEN 0
| #define HAVE_PDCURSES_H 1
| #define WITH_CURSES "pdcurses"
| #define HAVE_COLOR_SET 1
| #define HAVE_RESIZE_TERM 1
| #define HAVE_MOUSEINTERVAL 1
| #define HAVE_HAS_MOUSE 1
| #define HAVE_MOUSEMASK 1
| #define HAVE_DB_H 1
| #define WITH_DB 1
| #define COB_COMPUTED_GOTO 1
| #define SIZEOF_LONG_INT 4
| #define SIZEOF_LONG_LONG 8
| #define SIZEOF_LONG 4
| #define SIZEOF_VOID_P 4
| #define COB_32_BIT_LONG 1
| #define HAVE_ATTRIBUTE_ALIGNED 1
| #define HAVE_ATTRIBUTE_PURE 1
| #define HAVE_ATTRIBUTE_CONSTRUCTOR 1
| #define ENABLE_NLS 1
| #define HAVE_GETTEXT 1
| #define HAVE_DCGETTEXT 1
| /* end confdefs.h.  */
| #include <langinfo.h>
| int
| main ()
| {
| char* cs = nl_langinfo(CODESET); return !cs;
|   ;
|   return 0;
| }
configure:21097: result: no
configure:21110: checking for perl
configure:21126: found /bin/perl
configure:21137: result: perl
configure:21197: checking for debug option -ggdb3
configure:21210: gcc -o conftest.exe -O2 -ggdb3 -Wall -Werror -I/mingw/include  conftest.c  >&5
configure:21210: $? = 0
configure:21211: result: yes
configure:21250: checking for debug option -fasynchronous-unwind-tables
configure:21263: gcc -o conftest.exe -O2 -fasynchronous-unwind-tables -Wall -Werror -I/mingw/include  conftest.c  >&5
configure:21263: $? = 0
configure:21264: result: yes
configure:21390: checking for -pipe option
configure:21408: gcc -o conftest.exe -O2 -pipe -Wall -Werror -I/mingw/include  conftest.c  >&5
configure:21408: $? = 0
configure:21417: result: yes
configure:21478: checking for gcc pointer sign option
configure:21491: gcc -c -O2 -pipe -Wpointer-sign -Wall -Werror -I/mingw/include conftest.c >&5
configure:21491: $? = 0
configure:21492: result: yes
configure:21686: checking for ld bind now option
configure:21699: gcc -o conftest.exe -O2 -pipe -I/mingw/include  -Wl,-z,relro,-z,now,-O1 conftest.c  >&5
c:/mingw/bin/../lib/gcc/mingw32/9.2.0/../../../../mingw32/bin/ld.exe: unrecognized option '-z'
c:/mingw/bin/../lib/gcc/mingw32/9.2.0/../../../../mingw32/bin/ld.exe: use the --help option for usage information
collect2.exe: error: ld returned 1 exit status
configure:21699: $? = 1
configure: failed program was:
| /* confdefs.h */
| #define PACKAGE_NAME "GnuCOBOL"
| #define PACKAGE_TARNAME "gnucobol"
| #define PACKAGE_VERSION "3.2"
| #define PACKAGE_STRING "GnuCOBOL 3.2"
| #define PACKAGE_BUGREPORT "bug-gnucobol@gnu.org"
| #define PACKAGE_URL "https://www.gnu.org/software/gnucobol/"
| #define PACKAGE "gnucobol"
| #define COB_TREE_DEBUG 1
| #define PATCH_LEVEL 0
| #define MAX_CALL_FIELD_PARAMS 192
| #define STDC_HEADERS 1
| #define HAVE_SYS_TYPES_H 1
| #define HAVE_SYS_STAT_H 1
| #define HAVE_STDLIB_H 1
| #define HAVE_STRING_H 1
| #define HAVE_MEMORY_H 1
| #define HAVE_STRINGS_H 1
| #define HAVE_INTTYPES_H 1
| #define HAVE_STDINT_H 1
| #define HAVE_UNISTD_H 1
| #define __EXTENSIONS__ 1
| #define _ALL_SOURCE 1
| #define _GNU_SOURCE 1
| #define _POSIX_PTHREAD_SEMANTICS 1
| #define _TANDEM_SOURCE 1
| #define HAVE_DLFCN_H 1
| #define LT_OBJDIR ".libs/"
| #define HAVE_SYS_TYPES_H 1
| #define HAVE_SIGNAL_H 1
| #define HAVE_STDDEF_H 1
| #define HAVE_SYS_TIME_H 1
| #define HAVE_LOCALE_H 1
| #define HAVE_FCNTL_H 1
| #define HAVE_DLFCN_H 1
| #define HAVE_SIG_ATOMIC_T 1
| #define COB_KEYWORD_INLINE __inline
| #define HAVE_VPRINTF 1
| #define HAVE_MEMMOVE 1
| #define HAVE_MEMSET 1
| #define HAVE_SETLOCALE 1
| #define HAVE_STRERROR 1
| #define HAVE_STRCASECMP 1
| #define HAVE_STRCHR 1
| #define HAVE_STRRCHR 1
| #define HAVE_STRDUP 1
| #define HAVE_STRSTR 1
| #define HAVE_STRTOL 1
| #define HAVE_GETTIMEOFDAY 1
| #define HAVE_LOCALECONV 1
| #define HAVE_POPEN 1
| #define HAVE_RAISE 1
| #define HAVE_SETENV 1
| #define HAVE_STRCOLL 1
| #define HAVE_TIMEZONE 1
| #define HAVE_DESIGNATED_INITS 1
| #define HAVE_GMP_H 1
| #define HAVE_MP_GET_MEMORY_FUNCTIONS 1
| #define WITH_CJSON 1
| #define HAVE_CJSON_H 1
| #define WITH_JSON "cjson"
| #define WITH_VARSEQ 0
| #define HAVE_NANO_SLEEP 1
| #define HAVE_CLOCK_GETTIME 1
| #define HAVE_ISFINITE 1
| #define HAVE_DECL_FDATASYNC 0
| #define HAVE_DECL_FMEMOPEN 0
| #define HAVE_PDCURSES_H 1
| #define WITH_CURSES "pdcurses"
| #define HAVE_COLOR_SET 1
| #define HAVE_RESIZE_TERM 1
| #define HAVE_MOUSEINTERVAL 1
| #define HAVE_HAS_MOUSE 1
| #define HAVE_MOUSEMASK 1
| #define HAVE_DB_H 1
| #define WITH_DB 1
| #define COB_COMPUTED_GOTO 1
| #define SIZEOF_LONG_INT 4
| #define SIZEOF_LONG_LONG 8
| #define SIZEOF_LONG 4
| #define SIZEOF_VOID_P 4
| #define COB_32_BIT_LONG 1
| #define HAVE_ATTRIBUTE_ALIGNED 1
| #define HAVE_ATTRIBUTE_PURE 1
| #define HAVE_ATTRIBUTE_CONSTRUCTOR 1
| #define ENABLE_NLS 1
| #define HAVE_GETTEXT 1
| #define HAVE_DCGETTEXT 1
| /* end confdefs.h.  */
| 
| int
| main ()
| {
| return 0;
|   ;
|   return 0;
| }
configure:21704: result: no
configure:22134: checking that generated files are newer than configure
configure:22140: result: done
configure:22184: creating ./config.status

## ---------------------- ##
## Running config.status. ##
## ---------------------- ##

This file was extended by GnuCOBOL config.status 3.2, which was
generated by GNU Autoconf 2.69.  Invocation command line was

  CONFIG_FILES    = 
  CONFIG_HEADERS  = 
  CONFIG_LINKS    = 
  CONFIG_COMMANDS = 
  $ ./config.status 

on DESKTOP-R8L265I

config.status:1349: creating Makefile
config.status:1349: creating libcob/Makefile
config.status:1349: creating lib/Makefile
config.status:1349: creating cobc/Makefile
config.status:1349: creating bin/Makefile
config.status:1349: creating po/Makefile.in
config.status:1349: creating doc/Makefile
config.status:1349: creating config/Makefile
config.status:1349: creating copy/Makefile
config.status:1349: creating tests/Makefile
config.status:1349: creating tests/cobol85/Makefile
config.status:1349: creating extras/Makefile
config.status:1349: creating bin/cob-config
config.status:1349: creating pre-inst-env
config.status:1349: creating tests/atlocal
config.status:1349: creating tests/run_prog_manual.sh
config.status:1349: creating config.h
config.status:1578: executing tests/atconfig commands
config.status:1578: executing depfiles commands
config.status:1682: cd libcob       && sed -e '/# am--include-marker/d' Makefile         | make -f - am--depfiles
config.status:1687: $? = 0
config.status:1682: cd lib       && sed -e '/# am--include-marker/d' Makefile         | make -f - am--depfiles
config.status:1687: $? = 0
config.status:1682: cd cobc       && sed -e '/# am--include-marker/d' Makefile         | make -f - am--depfiles
config.status:1687: $? = 0
config.status:1682: cd bin       && sed -e '/# am--include-marker/d' Makefile         | make -f - am--depfiles
config.status:1687: $? = 0
config.status:1578: executing libtool commands
config.status:1578: executing po-directories commands
config.status:1578: executing chmod commands
configure:24719: GnuCOBOL Configuration:
configure:24721:  CC                gcc
configure:24723:  CFLAGS            -O2 -pipe -finline-functions -fsigned-char -Wall -Wwrite-strings -Wmissing-prototypes -Wno-format-y2k
configure:24725:  LDFLAGS           
configure:24727:  LIBCOB_LIBS        -lgmp -lpdcurses -ldb-18.1 -L/mingw/lib -lintl
configure:24730:  PROGRAMS_LIBS         -L/mingw/lib -lintl
configure:24733:  COB_CC            gcc
configure:24735:  COB_CFLAGS        -pipe -I/mingw/include -I/mingw/include -Wno-unused -fsigned-char -Wno-pointer-sign
configure:24737:  COB_LDFLAGS       
configure:24739:  COB_DEBUG_FLAGS   -ggdb3 -fasynchronous-unwind-tables
configure:24741:  COB_LIBS          -L${exec_prefix}/lib -lcob
configure:24743:  COB_CONFIG_DIR    ${datarootdir}/gnucobol/config
configure:24745:  COB_COPY_DIR      ${datarootdir}/gnucobol/copy
configure:24747:  COB_LIBRARY_PATH  ${exec_prefix}/lib/gnucobol
configure:24749:  COB_OBJECT_EXT    o
configure:24751:  COB_MODULE_EXT    dll
configure:24753:  COB_EXE_EXT       .exe
configure:24755:  COB_SHARED_OPT    -shared
configure:24757:  COB_PIC_FLAGS     -DDLL_EXPORT -DPIC
configure:24759:  COB_EXPORT_DYN    -Wl,--export-all-symbols -Wl,--enable-auto-import -Wl,--enable-auto-image-base
configure:24762:  COB_STRIP_CMD     strip --strip-unneeded
configure:24766:  Dynamic loading:                             System
configure:24772:  Use gettext for international messages:      yes
configure:24774:  Use fcntl for file locking:                  no
configure:24776:  Use math multiple precision library:         gmp
configure:24788:  Use curses library for screen I/O:           pdcurses
configure:24817:  Use Berkeley DB for INDEXED I/O:             yes
configure:24826:  XML I/O (no handler found):                  NO
configure:24848:  Used for JSON I/O:                           local

## ---------------- ##
## Cache variables. ##
## ---------------- ##

ac_cv_build=i686-pc-mingw32
ac_cv_c_bigendian=no
ac_cv_c_compiler_gnu=yes
ac_cv_c_const=yes
ac_cv_env_BDB_CFLAGS_set=
ac_cv_env_BDB_CFLAGS_value=
ac_cv_env_BDB_LIBS_set=
ac_cv_env_BDB_LIBS_value=
ac_cv_env_CC_set=
ac_cv_env_CC_value=
ac_cv_env_CFLAGS_set=
ac_cv_env_CFLAGS_value=
ac_cv_env_CJSON_CFLAGS_set=
ac_cv_env_CJSON_CFLAGS_value=
ac_cv_env_CJSON_LIBS_set=
ac_cv_env_CJSON_LIBS_value=
ac_cv_env_COBC_CPPFLAGS_set=
ac_cv_env_COBC_CPPFLAGS_value=
ac_cv_env_CPPFLAGS_set=
ac_cv_env_CPPFLAGS_value=
ac_cv_env_CPP_set=
ac_cv_env_CPP_value=
ac_cv_env_CURSES_LIBS_set=
ac_cv_env_CURSES_LIBS_value=
ac_cv_env_DIFF_FLAGS_set=
ac_cv_env_DIFF_FLAGS_value=
ac_cv_env_GMP_CFLAGS_set=
ac_cv_env_GMP_CFLAGS_value=
ac_cv_env_GMP_LIBS_set=
ac_cv_env_GMP_LIBS_value=
ac_cv_env_JSON_C_CFLAGS_set=
ac_cv_env_JSON_C_CFLAGS_value=
ac_cv_env_JSON_C_LIBS_set=
ac_cv_env_JSON_C_LIBS_value=
ac_cv_env_LDFLAGS_set=
ac_cv_env_LDFLAGS_value=
ac_cv_env_LIBCOB_CPPFLAGS_set=
ac_cv_env_LIBCOB_CPPFLAGS_value=
ac_cv_env_LIBCOB_LIBS_set=
ac_cv_env_LIBCOB_LIBS_value=
ac_cv_env_LIBS_set=
ac_cv_env_LIBS_value=
ac_cv_env_LT_SYS_LIBRARY_PATH_set=
ac_cv_env_LT_SYS_LIBRARY_PATH_value=
ac_cv_env_MPIR_CFLAGS_set=
ac_cv_env_MPIR_CFLAGS_value=
ac_cv_env_MPIR_LIBS_set=
ac_cv_env_MPIR_LIBS_value=
ac_cv_env_PKG_CONFIG_LIBDIR_set=
ac_cv_env_PKG_CONFIG_LIBDIR_value=
ac_cv_env_PKG_CONFIG_PATH_set=
ac_cv_env_PKG_CONFIG_PATH_value=
ac_cv_env_PKG_CONFIG_set=
ac_cv_env_PKG_CONFIG_value=
ac_cv_env_PROGRAMS_LIBS_set=
ac_cv_env_PROGRAMS_LIBS_value=
ac_cv_env_XML2_CFLAGS_set=
ac_cv_env_XML2_CFLAGS_value=
ac_cv_env_XML2_LIBS_set=
ac_cv_env_XML2_LIBS_value=
ac_cv_env_YACC_set=
ac_cv_env_YACC_value=
ac_cv_env_YFLAGS_set=
ac_cv_env_YFLAGS_value=
ac_cv_env_build_alias_set=
ac_cv_env_build_alias_value=
ac_cv_env_host_alias_set=
ac_cv_env_host_alias_value=
ac_cv_env_target_alias_set=
ac_cv_env_target_alias_value=
ac_cv_exeext=.exe
ac_cv_func__doprnt=no
ac_cv_func_canonicalize_file_name=no
ac_cv_func_fcntl=no
ac_cv_func_fdatasync=no
ac_cv_func_flockfile=no
ac_cv_func_fmemopen=no
ac_cv_func_getexecname=no
ac_cv_func_gettimeofday=yes
ac_cv_func_localeconv=yes
ac_cv_func_memmove=yes
ac_cv_func_memset=yes
ac_cv_func_popen=yes
ac_cv_func_raise=yes
ac_cv_func_readlink=no
ac_cv_func_realpath=no
ac_cv_func_setenv=yes
ac_cv_func_setlocale=yes
ac_cv_func_sigaction=no
ac_cv_func_strcasecmp=yes
ac_cv_func_strchr=yes
ac_cv_func_strcoll=yes
ac_cv_func_strdup=yes
ac_cv_func_strerror=yes
ac_cv_func_strrchr=yes
ac_cv_func_strstr=yes
ac_cv_func_strtol=yes
ac_cv_func_vprintf=yes
ac_cv_have_decl_fdatasync=no
ac_cv_have_decl_fmemopen=no
ac_cv_header_db_h=yes
ac_cv_header_dlfcn_h=yes
ac_cv_header_fcntl_h=yes
ac_cv_header_gmp_h=yes
ac_cv_header_inttypes_h=yes
ac_cv_header_libxml_xmlwriter_h=no
ac_cv_header_locale_h=yes
ac_cv_header_memory_h=yes
ac_cv_header_minix_config_h=no
ac_cv_header_pdcurses_h=yes
ac_cv_header_signal_h=yes
ac_cv_header_stdc=yes
ac_cv_header_stddef_h=yes
ac_cv_header_stdint_h=yes
ac_cv_header_stdlib_h=yes
ac_cv_header_string_h=yes
ac_cv_header_strings_h=yes
ac_cv_header_sys_stat_h=yes
ac_cv_header_sys_time_h=yes
ac_cv_header_sys_types_h=yes
ac_cv_header_unistd_h=yes
ac_cv_host=i686-pc-mingw32
ac_cv_lib_gmp_____gmp_get_memory_functions=yes
ac_cv_lib_ncurses_initscr=no
ac_cv_lib_ncursesw_initscr=no
ac_cv_lib_pdcurses_initscr=yes
ac_cv_objext=o
ac_cv_path_EGREP='/bin/grep -E'
ac_cv_path_FGREP='/bin/grep -F'
ac_cv_path_GMSGFMT=/mingw/bin/msgfmt
ac_cv_path_GREP=/bin/grep
ac_cv_path_MSGFMT=/mingw/bin/msgfmt
ac_cv_path_MSGMERGE=/mingw/bin/msgmerge
ac_cv_path_SED=/bin/sed
ac_cv_path_XGETTEXT=/mingw/bin/xgettext
ac_cv_path_install='/bin/install -c'
ac_cv_path_mkdir=/bin/mkdir
ac_cv_prog_AWK=gawk
ac_cv_prog_CPP='gcc -E'
ac_cv_prog_PERL=perl
ac_cv_prog_YACC='bison -y'
ac_cv_prog_ac_ct_AR=ar
ac_cv_prog_ac_ct_AS=as
ac_cv_prog_ac_ct_CC=gcc
ac_cv_prog_ac_ct_DLLTOOL=dlltool
ac_cv_prog_ac_ct_OBJDUMP=objdump
ac_cv_prog_ac_ct_RANLIB=ranlib
ac_cv_prog_ac_ct_RC=windres
ac_cv_prog_ac_ct_STRIP=strip
ac_cv_prog_cc_c89=
ac_cv_prog_cc_g=yes
ac_cv_prog_configured_make=make
ac_cv_prog_make_make_set=yes
ac_cv_safe_to_define___extensions__=yes
ac_cv_sizeof_long=4
ac_cv_sizeof_long_int=4
ac_cv_sizeof_long_long=8
ac_cv_sizeof_void_p=4
ac_cv_struct_tm=time.h
ac_cv_type_sig_atomic_t=yes
ac_cv_type_size_t=yes
acl_cv_hardcode_direct=no
acl_cv_hardcode_libdir_flag_spec='-L$libdir'
acl_cv_hardcode_libdir_separator=
acl_cv_hardcode_minus_L=no
acl_cv_libext=a
acl_cv_libname_spec='lib$name'
acl_cv_library_names_spec='$libname.dll.a $libname.lib'
acl_cv_path_LD=c:/mingw/mingw32/bin/ld.exe
acl_cv_prog_gnu_ld=yes
acl_cv_rpath=done
acl_cv_shlibext=dll
acl_cv_wl=-Wl,
am_cv_CC_dependencies_compiler_type=gcc3
am_cv_ar_interface=ar
am_cv_func_iconv='no, consider installing GNU libiconv'
am_cv_langinfo_codeset=no
am_cv_lib_iconv=no
am_cv_make_support_nested_variables=yes
am_cv_prog_cc_c_o=yes
ax_cv_prog_bison=yes
ax_cv_prog_flex=no
gc_cv_attribute_aligned=yes
gc_cv_attribute_constructor=yes
gc_cv_attribute_pure=yes
gc_cv_designated_inits=yes
gc_cv_err_warn='-Wall -Werror'
gc_cv_gcc_pipe=yes
gc_cv_keyword_inline=__inline
gc_cv_time_timezone=yes
gt_cv_func_CFLocaleCopyCurrent=no
gt_cv_func_CFLocaleCopyPreferredLanguages=no
gt_cv_func_CFPreferencesCopyAppValue=no
gt_cv_func_gnugettext1_libc=no
gt_cv_func_gnugettext1_libintl=yes
lt_cv_ar_at_file=@
lt_cv_archive_cmds_need_lc=yes
lt_cv_deplibs_check_method='file_magic ^x86 archive import|^x86 DLL'
lt_cv_dlopen=LoadLibrary
lt_cv_dlopen_libs=
lt_cv_file_magic_cmd=func_win32_libid
lt_cv_file_magic_test_file=
lt_cv_ld_reload_flag=-r
lt_cv_nm_interface='BSD nm'
lt_cv_objdir=.libs
lt_cv_path_LD=c:/mingw/mingw32/bin/ld.exe
lt_cv_path_NM='/mingw/bin/nm -B'
lt_cv_path_mainfest_tool=no
lt_cv_prog_compiler_c_o=yes
lt_cv_prog_compiler_c_o_RC=yes
lt_cv_prog_compiler_pic='-DDLL_EXPORT -DPIC'
lt_cv_prog_compiler_pic_works=yes
lt_cv_prog_compiler_rtti_exceptions=no
lt_cv_prog_compiler_static_works=yes
lt_cv_prog_gnu_ld=yes
lt_cv_sharedlib_from_linklib_cmd=func_cygming_dll_for_implib
lt_cv_sys_global_symbol_pipe='sed -n -e '\''s/^.*[	 ]\([ABCDGIRSTW][ABCDGIRSTW]*\)[	 ][	 ]*_\([_A-Za-z][_A-Za-z0-9]*\)\{0,1\}$/\1 _\2 \2/p'\'' | sed '\''/ __gnu_lto/d'\'''
lt_cv_sys_global_symbol_to_c_name_address='sed -n -e '\''s/^: \(.*\) .*$/  {"\1", (void *) 0},/p'\'' -e '\''s/^[ABCDGIRSTW][ABCDGIRSTW]* .* \(.*\)$/  {"\1", (void *) \&\1},/p'\'''
lt_cv_sys_global_symbol_to_c_name_address_lib_prefix='sed -n -e '\''s/^: \(.*\) .*$/  {"\1", (void *) 0},/p'\'' -e '\''s/^[ABCDGIRSTW][ABCDGIRSTW]* .* \(lib.*\)$/  {"\1", (void *) \&\1},/p'\'' -e '\''s/^[ABCDGIRSTW][ABCDGIRSTW]* .* \(.*\)$/  {"lib\1", (void *) \&\1},/p'\'''
lt_cv_sys_global_symbol_to_cdecl='sed -n -e '\''s/^T .* \(.*\)$/extern int \1();/p'\'' -e '\''s/^[ABCDGIRSTW][ABCDGIRSTW]* .* \(.*\)$/extern char \1;/p'\'''
lt_cv_sys_global_symbol_to_import=
lt_cv_sys_max_cmd_len=8192
lt_cv_to_host_file_cmd=func_convert_file_msys_to_w32
lt_cv_to_tool_file_cmd=func_convert_file_msys_to_w32
lt_cv_truncate_bin='/bin/sed -e 4q'

## ----------------- ##
## Output variables. ##
## ----------------- ##

ACLOCAL='${SHELL} '\''/mingw/MSYS/gnucobol-3.2/build_aux/missing'\'' aclocal-1.16'
AMDEPBACKSLASH='\'
AMDEP_FALSE='#'
AMDEP_TRUE=''
AMTAR='$${TAR-tar}'
AM_BACKSLASH='\'
AM_DEFAULT_V='$(AM_DEFAULT_VERBOSITY)'
AM_DEFAULT_VERBOSITY='1'
AM_V='$(V)'
AR='ar'
AS='as'
AUTOCONF='${SHELL} '\''/mingw/MSYS/gnucobol-3.2/build_aux/missing'\'' autoconf'
AUTOHEADER='${SHELL} '\''/mingw/MSYS/gnucobol-3.2/build_aux/missing'\'' autoheader'
AUTOMAKE='${SHELL} '\''/mingw/MSYS/gnucobol-3.2/build_aux/missing'\'' automake-1.16'
AWK='gawk'
BDB_CFLAGS=''
BDB_LIBS=''
CC='gcc'
CCDEPMODE='depmode=gcc3'
CFLAGS='-O2 -pipe -finline-functions -fsigned-char -Wall -Wwrite-strings -Wmissing-prototypes -Wno-format-y2k'
CJSON_CFLAGS=''
CJSON_LIBS=''
COBC_CPPFLAGS=''
COB_BIGENDIAN='no'
COB_CC='gcc'
COB_CFLAGS='-pipe -I/mingw/include -I/mingw/include -Wno-unused -fsigned-char -Wno-pointer-sign'
COB_CONFIG_DIR='${datarootdir}/gnucobol/config'
COB_COPY_DIR='${datarootdir}/gnucobol/copy'
COB_ENABLE_DEBUG='no'
COB_EXE_EXT='.exe'
COB_FIX_LIBTOOL='-Wl,--enable-auto-import'
COB_HAS_64_BIT_POINTER=''
COB_HAS_CURSES='yes'
COB_HAS_ISAM='db'
COB_HAS_JSON='cjson'
COB_HAS_XML2='no'
COB_LDFLAGS=''
COB_LIBRARY_PATH='${exec_prefix}/lib/gnucobol'
COB_LIBS='-L${exec_prefix}/lib -lcob'
COB_MAKE_IX_FALSE='#'
COB_MAKE_IX_TRUE=''
COB_MAKE_RUN_BINARIES_FALSE='#'
COB_MAKE_RUN_BINARIES_TRUE=''
COB_MODULE_EXT='dll'
COB_OBJECT_EXT='o'
COB_PATCH_LEVEL='0'
CODE_COVERAGE_CFLAGS=''
CODE_COVERAGE_CPPFLAGS=''
CODE_COVERAGE_CXXFLAGS=''
CODE_COVERAGE_ENABLED='no'
CODE_COVERAGE_ENABLED_FALSE=''
CODE_COVERAGE_ENABLED_TRUE='#'
CODE_COVERAGE_LIBS=''
CPP='gcc -E'
CPPFLAGS='-I/mingw/include'
CURSES_LIBS='-lpdcurses'
CYGPATH_W='echo'
DEFS='-DHAVE_CONFIG_H'
DEPDIR='.deps'
DIFF_FLAGS='--strip-trailing-cr'
DLLTOOL='dlltool'
DSYMUTIL=''
DUMPBIN=''
ECHO_C=''
ECHO_N='-n'
ECHO_T=''
EGREP='/bin/grep -E'
EXEEXT='.exe'
FGREP='/bin/grep -F'
GCOV=''
GENHTML=''
GETTEXT_MACRO_VERSION='0.20'
GMP_CFLAGS=''
GMP_LIBS='-lgmp'
GMSGFMT='/mingw/bin/msgfmt'
GMSGFMT_015='/mingw/bin/msgfmt'
GREP='/bin/grep'
HELP2MAN='${SHELL} '\''/mingw/MSYS/gnucobol-3.2/build_aux/missing'\'' help2man'
INSTALL_DATA='${INSTALL} -m 644'
INSTALL_PROGRAM='${INSTALL}'
INSTALL_SCRIPT='${INSTALL}'
INSTALL_STRIP_PROGRAM='$(install_sh) -c -s'
INTLLIBS='/mingw/lib/libintl.dll.a'
INTL_MACOSX_LIBS=''
JSON_C_CFLAGS=''
JSON_C_LIBS=''
LCOV=''
LD='c:/mingw/mingw32/bin/ld.exe'
LDFLAGS=''
LEX='${SHELL} '\''/mingw/MSYS/gnucobol-3.2/build_aux/missing'\'' flex'
LEXLIB=''
LEX_OUTPUT_ROOT=''
LIBCOB_CPPFLAGS=''
LIBCOB_LIBS=' -lgmp -lpdcurses -ldb-18.1 -L/mingw/lib -lintl'
LIBICONV=''
LIBINTL='/mingw/lib/libintl.dll.a'
LIBOBJS=''
LIBS=''
LIBTOOL='$(SHELL) $(top_builddir)/libtool'
LIPO=''
LN_S='cp -pR'
LOCAL_CJSON_FALSE='#'
LOCAL_CJSON_TRUE=''
LTLIBICONV=''
LTLIBINTL='-L/mingw/lib -lintl'
LTLIBOBJS=''
LT_SYS_LIBRARY_PATH=''
MAKE='make'
MAKEINFO='${SHELL} '\''/mingw/MSYS/gnucobol-3.2/build_aux/missing'\'' makeinfo'
MAKE_HAS_PREREQ_ONLY_FALSE='#'
MAKE_HAS_PREREQ_ONLY_TRUE=''
MANIFEST_TOOL=':'
MKDIR_P='/bin/mkdir -p'
MPIR_CFLAGS=''
MPIR_LIBS=''
MSGFMT='/mingw/bin/msgfmt'
MSGMERGE='/mingw/bin/msgmerge'
MSGMERGE_FOR_MSGFMT_OPTION='--no-fuzzy-matching --no-location --quiet'
NM='/mingw/bin/nm -B'
NMEDIT=''
OBJDUMP='objdump'
OBJEXT='o'
OTOOL64=''
OTOOL=''
PACKAGE='gnucobol'
PACKAGE_BUGREPORT='bug-gnucobol@gnu.org'
PACKAGE_NAME='GnuCOBOL'
PACKAGE_STRING='GnuCOBOL 3.2'
PACKAGE_TARNAME='gnucobol'
PACKAGE_URL='https://www.gnu.org/software/gnucobol/'
PACKAGE_VERSION='3.2'
PATH_SEPARATOR=':'
PERL='perl'
PKG_CONFIG=''
PKG_CONFIG_LIBDIR=''
PKG_CONFIG_PATH=''
POSUB='po'
PROGRAMS_LIBS='-L/mingw/lib -lintl'
QUOTE_INCLUDE_FLAG=''
RANLIB='ranlib'
RC='windres'
SED='/bin/sed'
SET_MAKE=''
SHELL='/bin/sh'
STRIP='strip'
USE_NLS='yes'
VERSION='3.2'
XGETTEXT='/mingw/bin/xgettext'
XGETTEXT_015='/mingw/bin/xgettext'
XGETTEXT_EXTRA_OPTIONS=''
XML2_CFLAGS=''
XML2_CONFIG=''
XML2_LIBS='-lxml2'
YACC='bison -o y.tab.c'
YFLAGS=''
ac_ct_AR='ar'
ac_ct_CC='gcc'
ac_ct_DUMPBIN=''
am__EXEEXT_FALSE='#'
am__EXEEXT_TRUE=''
am__fastdepCC_FALSE='#'
am__fastdepCC_TRUE=''
am__include='include'
am__isrc=''
am__leading_dot='.'
am__nodep='_no'
am__quote=''
am__tar='$${TAR-tar} chof - "$$tardir"'
am__untar='$${TAR-tar} xf -'
bindir='${exec_prefix}/bin'
build='i686-pc-mingw32'
build_alias=''
build_cpu='i686'
build_os='mingw32'
build_vendor='pc'
configured_make='make'
datadir='${datarootdir}'
datarootdir='${prefix}/share'
docdir='${datarootdir}/doc/${PACKAGE_TARNAME}'
dvidir='${docdir}'
exec_prefix='${prefix}'
host='i686-pc-mingw32'
host_alias=''
host_cpu='i686'
host_os='mingw32'
host_vendor='pc'
htmldir='${docdir}'
ifGNUmake=''
ifnGNUmake=''
includedir='${prefix}/include'
infodir='${datarootdir}/info'
install_sh='${SHELL} /mingw/MSYS/gnucobol-3.2/build_aux/install-sh'
libdir='${exec_prefix}/lib'
libexecdir='${exec_prefix}/libexec'
localedir='${datarootdir}/locale'
localstatedir='${prefix}/var'
mandir='${datarootdir}/man'
mkdir_p='$(MKDIR_P)'
oldincludedir='/usr/include'
pdfdir='${docdir}'
prefix='/mingw'
program_transform_name='s,x,x,'
psdir='${docdir}'
runstatedir='${localstatedir}/run'
sbindir='${exec_prefix}/sbin'
sharedstatedir='${prefix}/com'
sysconfdir='${prefix}/etc'
target_alias=''

## ----------- ##
## confdefs.h. ##
## ----------- ##

/* confdefs.h */
#define PACKAGE_NAME "GnuCOBOL"
#define PACKAGE_TARNAME "gnucobol"
#define PACKAGE_VERSION "3.2"
#define PACKAGE_STRING "GnuCOBOL 3.2"
#define PACKAGE_BUGREPORT "bug-gnucobol@gnu.org"
#define PACKAGE_URL "https://www.gnu.org/software/gnucobol/"
#define PACKAGE "gnucobol"
#define COB_TREE_DEBUG 1
#define PATCH_LEVEL 0
#define MAX_CALL_FIELD_PARAMS 192
#define STDC_HEADERS 1
#define HAVE_SYS_TYPES_H 1
#define HAVE_SYS_STAT_H 1
#define HAVE_STDLIB_H 1
#define HAVE_STRING_H 1
#define HAVE_MEMORY_H 1
#define HAVE_STRINGS_H 1
#define HAVE_INTTYPES_H 1
#define HAVE_STDINT_H 1
#define HAVE_UNISTD_H 1
#define __EXTENSIONS__ 1
#define _ALL_SOURCE 1
#define _GNU_SOURCE 1
#define _POSIX_PTHREAD_SEMANTICS 1
#define _TANDEM_SOURCE 1
#define HAVE_DLFCN_H 1
#define LT_OBJDIR ".libs/"
#define HAVE_SYS_TYPES_H 1
#define HAVE_SIGNAL_H 1
#define HAVE_STDDEF_H 1
#define HAVE_SYS_TIME_H 1
#define HAVE_LOCALE_H 1
#define HAVE_FCNTL_H 1
#define HAVE_DLFCN_H 1
#define HAVE_SIG_ATOMIC_T 1
#define COB_KEYWORD_INLINE __inline
#define HAVE_VPRINTF 1
#define HAVE_MEMMOVE 1
#define HAVE_MEMSET 1
#define HAVE_SETLOCALE 1
#define HAVE_STRERROR 1
#define HAVE_STRCASECMP 1
#define HAVE_STRCHR 1
#define HAVE_STRRCHR 1
#define HAVE_STRDUP 1
#define HAVE_STRSTR 1
#define HAVE_STRTOL 1
#define HAVE_GETTIMEOFDAY 1
#define HAVE_LOCALECONV 1
#define HAVE_POPEN 1
#define HAVE_RAISE 1
#define HAVE_SETENV 1
#define HAVE_STRCOLL 1
#define HAVE_TIMEZONE 1
#define HAVE_DESIGNATED_INITS 1
#define HAVE_GMP_H 1
#define HAVE_MP_GET_MEMORY_FUNCTIONS 1
#define WITH_CJSON 1
#define HAVE_CJSON_H 1
#define WITH_JSON "cjson"
#define WITH_VARSEQ 0
#define HAVE_NANO_SLEEP 1
#define HAVE_CLOCK_GETTIME 1
#define HAVE_ISFINITE 1
#define HAVE_DECL_FDATASYNC 0
#define HAVE_DECL_FMEMOPEN 0
#define HAVE_PDCURSES_H 1
#define WITH_CURSES "pdcurses"
#define HAVE_COLOR_SET 1
#define HAVE_RESIZE_TERM 1
#define HAVE_MOUSEINTERVAL 1
#define HAVE_HAS_MOUSE 1
#define HAVE_MOUSEMASK 1
#define HAVE_DB_H 1
#define WITH_DB 1
#define COB_COMPUTED_GOTO 1
#define SIZEOF_LONG_INT 4
#define SIZEOF_LONG_LONG 8
#define SIZEOF_LONG 4
#define SIZEOF_VOID_P 4
#define COB_32_BIT_LONG 1
#define HAVE_ATTRIBUTE_ALIGNED 1
#define HAVE_ATTRIBUTE_PURE 1
#define HAVE_ATTRIBUTE_CONSTRUCTOR 1
#define ENABLE_NLS 1
#define HAVE_GETTEXT 1
#define HAVE_DCGETTEXT 1
#define COB_NO_SELFOPEN 1
#define COB_CC "gcc"
#define COB_CFLAGS "-pipe -I/mingw/include -I/mingw/include -Wno-unused -fsigned-char -Wno-pointer-sign"
#define COB_LDFLAGS ""
#define COB_LIBS "-L/mingw/lib -lcob"
#define COB_PIC_FLAGS "-DDLL_EXPORT -DPIC"
#define COB_DEBUG_FLAGS "-ggdb3 -fasynchronous-unwind-tables"
#define COB_EXPORT_DYN "-Wl,--export-all-symbols -Wl,--enable-auto-import -Wl,--enable-auto-image-base"
#define COB_SHARED_OPT "-shared"
#define COB_MODULE_EXT "dll"
#define COB_OBJECT_EXT "o"
#define COB_EXE_EXT ".exe"
#define COB_LIBRARY_PATH "/mingw/lib/gnucobol"
#define COB_STRIP_CMD "strip --strip-unneeded"
#define COB_CONFIG_DIR "/mingw/share/gnucobol/config"
#define COB_COPY_DIR "/mingw/share/gnucobol/copy"
#define COBCRUN_NAME "cobcrun"
#define COB_BLD_CC "gcc"
#define COB_BLD_CFLAGS "-O2 -pipe -finline-functions -fsigned-char -Wall -Wwrite-strings -Wmissing-prototypes -Wno-format-y2k"
#define COB_BLD_CPPFLAGS "-I/mingw/include"
#define COB_BLD_LD "c:/mingw/mingw32/bin/ld.exe"
#define COB_BLD_LDFLAGS ""
#define COB_BLD_BUILD "i686-pc-mingw32"

configure: exit 0
